stock_type,name,variant_name,karat_color,stock_code,location_name,dept,party,vendor_party,owner_party,pcs,total_weight,net_weight,pg_weight,metal_rate,bom_variant_name,stone_pcs,stone_weight,stone_rate,stock_value,labour_value,wastage
COMPANY STOCK,PLTRNGREGREG-15,PLTRNGREGREG-15-1,"95.00,WHITE",SRNG11183,PMJ&GEMS-B-C-BANJARA HILLS-SHOWROOM,FG-BHSHW,,BIMAL,,1,10.62,10.588,10.0586,0,,0,0,0,0,1500,10
,,,,,,FG-BHSHW,,,,0,0,0,0,3200,PT95WHITE,0,10.588,0,37058,0,
,,,,,,FG-BHSHW,,,,0,0,0,0,0,DIARNDVVSEF0.135 TO 0.175(IV),1,0.16,88000,10160,0,
COMPANY STOCK,OPNPNDTLMREG-1768,OPNPNDTLMREG-1768-1,"18,YELLOW",CPND22858,PMJ&GEMS-B-C-BANJARA HILLS-SHOWROOM,FG-BHSHW,,SUKUMAR MONDAL (14)-JW,,1,10.72,10.13,7.6988,0,,0,0,0,0,550,10
,,,,,,FG-BHSHW,,,,0,0,0,0,0,MeleRNDVVSEFBELOW 01 CT,2,0.13,59500,0.13,0,
,,,,,,FG-BHSHW,,,,0,0,0,0,0,DIARNDVVSEF0.085 TO 0.125(III),2,0.21,78000,0.21,0,
,,,,,,FG-BHSHW,,,,0,0,0,0,0,DIARNDVVSEF01.01-2CT,132,1.41,59500,83895,0,
,,,,,,FG-BHSHW,,,,0,0,0,0,0,OTHMIXMIXMIXMIX,1,0.36,1500,540,0,
,,,,,,FG-BHSHW,,,,0,0,0,0,0,ONXMIXMIXMIXMIX,1,0.38,1500,570,0,
,,,,,,FG-BHSHW,,,,0,0,0,0,,AG-18-YELLOW,0,10.13,0,29216.946,0,
,,,,,,FG-BHSHW,,,,0,0,0,0,0,OTHMIXMIXMIXMIX,1,0.46,1500,690,0,
COMPANY STOCK,FCYCHNREGREG-101,FCYCHNREGREG-101-1,"22,YELLOW",SCHN15223,PMJ&GEMS-B-C-HIMAYATHNAGAR-SHOWROOM,FG-HIMSHW,,SADHANA GOLD,,1,11.175,11.175,10.281,0,,0,0,0,0,0,10
,,,,,,FG-HIMSHW,,,,0,0,0,0,,AG-22-YELLOW,0,11.175,0,36877.5,0,
COMPANY STOCK,TMCNECREGMNG-166,TMCNECREGMNG-166-1,"22,YELLOW",SNEC12379,PMJ&GEMS-B-C-HIMAYATHNAGAR-SHOWROOM,FG-HIMSHW,,SURAAJ JEWELLERS,,1,120.54,119.828,110.24176,0,,0,0,0,0,250,10
,,,,,,FG-HIMSHW,,,,0,0,0,0,0,POLMIXMIXEFMIX,15,0.35,18000,3.5,0,
,,,,,,FG-HIMSHW,,,,0,0,0,0,0,EMPMIXMIXGREENMIX,2,0.24,1500,2.4,0,
,,,,,,FG-HIMSHW,,,,0,0,0,0,0,RBPMIXMIXREDMIX,27,2.97,1500,29.7,0,
,,,,,,FG-HIMSHW,,,,0,0,0,0,3200,AG-22-YELLOW,0,119.828,0,330725.28,0,
COMPANY STOCK,TMCJMKREGREG-164,TMCJMKREGREG-164-1,"22,YELLOW",SJMK10395,PMJ&GEMS-B-C-HIMAYATHNAGAR-SHOWROOM,FG-HIMSHW,,VINATI JEWELLERS,,1,63.47,62.332,57.34544,0,,0,0,0,0,350,10
,,,,,,FG-HIMSHW,,,,0,0,0,0,0,RBPMIXMIXREDMIX,24,4.75,2000,2375,0,
,,,,,,FG-HIMSHW,,,,0,0,0,0,3200,AG-22-YELLOW,0,62.332,0,172036.32,0,
,,,,,,FG-HIMSHW,,,,0,0,0,0,0,EMPMIXMIXGREENMIX,4,0.8,1500,400,0,
,,,,,,FG-HIMSHW,,,,0,0,0,0,0,POLMIXMIXEFMIX,2,0.14,18000,980,0,
COMPANY STOCK,SDKBRCROUREG-6,SDKBRCROUREG-6-1,"22,YELLOW",SBRC7659,PMJ&GEMS-B-C-HIMAYATHNAGAR-SHOWROOM,FG-HIMSHW,,M/s.SRI SAINATH JEWELLERS,,1,6.25,6.25,5.75,0,,0,0,0,0,1,10
,,,,,,FG-HIMSHW,,,,0,0,0,0,3200,AG-22-YELLOW,0,6.25,0,17250,0,
COMPANY STOCK,TMCJMKREGREG-272,TMCJMKREGREG-272-1,"22,YELLOW",SJMK16276,PMJ&GEMS-B-C-HIMAYATHNAGAR-SHOWROOM,FG-HIMSHW,,SURAAJ JEWELLERS,SURAAJ JEWELLERS,1,51.07,49.878,45.88776,0,,0,0,0,0,350,10
,,,,,,FG-HIMSHW,,,,0,0,0,0,,AG-22-YELLOW,0,49.878,0,0,0,
,,,,,,FG-HIMSHW,,,,0,0,0,0,0,RBPMIXMIXREDMIX,36,5.96,1500,0,0,
COMPANY STOCK,REGMALREGREG-769,REGMALREGREG-769-1,"22,YELLOW",SMAL38924,PMJ&GEMS-B-C-HIMAYATHNAGAR-SHOWROOM,FG-HIMSHW,,JEETENDER SONI,,1,44.45,20.61,18.9612,0,,0,0,0,0,150,10
,,,,,,FG-HIMSHW,,,,0,0,0,0,0,ONXMIXMIXGREENMIX,37,94.35,350,80197.5,0,
,,,,,,FG-HIMSHW,,,,0,0,0,0,0,PRLMIXMIXMIXMIX,1,24.85,350,8697.5,0,
,,,,,,FG-HIMSHW,,,,0,0,0,0,,AG-22-YELLOW,0,20.61,0,65314.1205,0,
COMPANY STOCK,MCNCHNREGREG-601,MCNCHNREGREG-601-1,"22,YELLOW",SCHN46001,PMJ&GEMS-B-C-HIMAYATHNAGAR-SHOWROOM,FG-HIMSHW,,Swarnshilp Chains & Jewellers Pvt. Ltd,,1,7.415,7.415,6.8218,0,,0,0,0,0,0,10
,,,,,,FG-HIMSHW,,,,0,0,0,0,,AG-22-YELLOW,0,7.415,0,25663.6116,0,
COMPANY STOCK,MCNCHNREGREG-632,MCNCHNREGREG-632-1,"22,YELLOW",SCHN46039,PMJ&GEMS-B-C-HIMAYATHNAGAR-SHOWROOM,FG-HIMSHW,,Swarnshilp Chains & Jewellers Pvt. Ltd,,1,7.471,7.471,6.87332,0,,0,0,0,0,0,10
,,,,,,FG-HIMSHW,,,,0,0,0,0,,AG-22-YELLOW,0,7.471,0,25857.42984,0,
COMPANY STOCK,REGMSCREGREG-15,REGMSCREGREG-15-1,"18,YELLOW",SMSC37433,PMJ&GEMS-B-C-BANJARA HILLS-SHOWROOM,FG-BHSHW,,KALYAN SUKUMAR KAR (121),,1,1.51,0.406,0.30856,0,,0,0,0,0,650,10
,,,,,,FG-BHSHW,,,,0,0,0,0,0,SSPMIXMIXMIXMIX,1,5.5,350,4675,0,
,,,,,,FG-BHSHW,,,,0,0,0,0,,AG-18-YELLOW,0,0.406,0,1054.34952,0,
,,,,,,FG-BHSHW,,,,0,0,0,0,0,DIARNDVVSEFMIX,2,0.02,59500,1190,0,
COMPANY STOCK,OPNBRCLDSCDI-73,OPNBRCLDSCDI-73-1,"18,YELLOW",CBRC31355,PMJ&GEMS-B-C-BANJARA HILLS-SHOWROOM,FG-BHSHW,,SUVENDU GHOSH (7)-JW,,1,10.75,10.484,7.96784,0,,0,0,0,0,550,10
,,,,,,FG-BHSHW,,,,0,0,0,0,0,DIARNDVVSEFBELOW 01 CT,31,0.88,59500,52360,0,
,,,,,,FG-BHSHW,,,,0,0,0,0,,AG-18-YELLOW,0,10.484,0,30237.9528,0,
,,,,,,FG-BHSHW,,,,0,0,0,0,0,ONXMIXMIXMIXMIX,1,0.45,1500,675,0,
COMPANY STOCK,PLNMSRREG1LN-595,PLNMSRREG1LN-595-1,"22,YELLOW",SMSR44258,PMJ&GEMS-B-C-HIMAYATHNAGAR-SHOWROOM,FG-HIMSHW,,Singar Santosh R,,1,3.925,3.305,3.0406,0,,0,0,0,0,150,10
,,,,,,FG-HIMSHW,,,,0,0,0,0,0,BLBMIXMIXBLACKMIX,178,3.1,50,0.031,0,
,,,,,,FG-HIMSHW,,,,0,0,0,0,,AG-22-YELLOW,0,3.305,0,9223.67358,0,
COMPANY STOCK,PLNMSRREG1LN-748,PLNMSRREG1LN-748-1,"22,YELLOW",CMSR49766,PMJ&GEMS-B-C-HIMAYATHNAGAR-SHOWROOM,FG-HIMSHW,,Singar Santosh R,,1,3.98,3.37,3.1004,0,,0,0,0,0,150,10
,,,,,,FG-HIMSHW,,,,0,0,0,0,,AG-22-YELLOW,0,3.37,0,9530.73482,0,
,,,,,,FG-HIMSHW,,,,0,0,0,0,0,BLBMIXMIXBLACKMIX,182,3.05,50,0.0305,0,
COMPANY STOCK,KSUNECREGREG-137,KSUNECREGREG-137-1,"22,YELLOW",SNEC40988,PMJ&GEMS-B-C-HIMAYATHNAGAR-SHOWROOM,FG-HIMSHW,,VINATI JEWELLERS,,1,51.645,51.645,47.5134,0,,0,0,0,0,250,10
,,,,,,FG-HIMSHW,,,,0,0,0,0,,AG-22-YELLOW,0,51.645,0,160615.95,0,
COMPANY STOCK,UPCERNHNGREG-989,UPCERNHNGREG-989-1,"22,YELLOW",SERN51873,PMJ&GEMS-B-C-HIMAYATHNAGAR-SHOWROOM,FG-HIMSHW,,INDERALAL BALMUKAND,,1,10.18,9.216,8.47872,0,,0,0,0,0,350,10
,,,,,,FG-HIMSHW,,,,0,0,0,0,0,POLMIXMIXMIXMIX,10,0.22,18000,2420,0,
,,,,,,FG-HIMSHW,,,,0,0,0,0,0,PRLMIXMIXMIXMIX,6,3.5,350,875,0,
,,,,,,FG-HIMSHW,,,,0,0,0,0,,AG-22-YELLOW,0,9.216,0,30412.8,0,
,,,,,,FG-HIMSHW,,,,0,0,0,0,0,RBPMIXMIXREDMIX,4,1.1,1500,1045,0,
COMPANY STOCK,TMCACSKUMREG-76,TMCACSKUMREG-76-1,"22,YELLOW",SACS37816,PMJ&GEMS-B-C-HIMAYATHNAGAR-SHOWROOM,FG-HIMSHW,,Shree Jee Jewellers,Shree Jee Jewellers,1,42.44,41.662,38.32904,0,,0,0,0,0,250,10
,,,,,,FG-HIMSHW,,,,0,0,0,0,,AG-22-YELLOW,0,41.662,0,0,0,
,,,,,,FG-HIMSHW,,,,0,0,0,0,0,EMEMIXMIXGREENMIX,8,1.61,1500,0,0,
,,,,,,FG-HIMSHW,,,,0,0,0,0,0,RUBMIXMIXREDMIX,8,2.28,1500,0,0,
COMPANY STOCK,TMCERNSTDREG-449,TMCERNSTDREG-449-1,"22,YELLOW",SERN39445,PMJ&GEMS-B-C-HIMAYATHNAGAR-SHOWROOM,FG-HIMSHW,,VINATI JEWELLERS,,1,7.5,7.44,6.8448,0,,0,0,0,0,250,10
,,,,,,FG-HIMSHW,,,,0,0,0,0,,AG-22-YELLOW,0,7.44,0,23138.4,0,
,,,,,,FG-HIMSHW,,,,0,0,0,0,0,RBPMIXMIXREDMIX,2,0.3,1500,255,0,
COMPANY STOCK,MCNBNGS02REG-859,MCNBNGS02REG-859-1,"22,YELLOW",SBNG49948,PMJ&GEMS-B-C-HIMAYATHNAGAR-SHOWROOM,FG-HIMSHW,,M/s.SRI SAINATH JEWELLERS,,1,18.66,18.66,17.1672,0,,0,0,0,0,0,10
,,,,,,FG-HIMSHW,,,,0,0,0,0,,AG-22-YELLOW,0,18.66,0,58702.9605,0,
COMPANY STOCK,REGMSCREGREG-28,REGMSCREGREG-28-1,"22,YELLOW",SMSC38896,PMJ&GEMS-B-C-HIMAYATHNAGAR-SHOWROOM,FG-HIMSHW,,Jai Gulab Dev Jewellers,,1,1.24,1.228,1.12976,0,,0,0,0,0,350,10
,,,,,,FG-HIMSHW,,,,0,0,0,0,0,POLMIXMIXEFMIX,1,0.06,18000,0.6,0,
,,,,,,FG-HIMSHW,,,,0,0,0,0,,AG-22-YELLOW,0,1.228,0,3391.45379,0,
COMPANY STOCK,REGMSCREGREG-28,REGMSCREGREG-28-1,"22,YELLOW",SMSC46331,PMJ&GEMS-B-C-HIMAYATHNAGAR-SHOWROOM,FG-HIMSHW,,Singar Santosh R,,1,6.46,4.776,4.39392,0,,0,0,0,0,150,10
,,,,,,FG-HIMSHW,,,,0,0,0,0,0,BLBMIXMIXMIXMIX,1,8.42,50,0,0,
,,,,,,FG-HIMSHW,,,,0,0,0,0,,AG-22-YELLOW,0,4.776,0,0,0,
COMPANY STOCK,REGREPREGREG-363,REGREPREGREG-363-1,"18,YELLOW",SREP50024,PMJ&GEMS-B-C-HIMAYATHNAGAR-SHOWROOM,FG-HIMSHW,,Prasanth Das (09),Prasanth Das (09),1,1.31,1.31,0.9956,0,,0,0,0,0,550,10
,,,,,,FG-HIMSHW,,,,0,0,0,0,,AG-18-YELLOW,0,1.31,0,0,0,
COMPANY STOCK,REGREPREGREG-346,REGREPREGREG-346-1,"22,YELLOW",SREP49994,PMJ&GEMS-B-C-HIMAYATHNAGAR-SHOWROOM,FG-HIMSHW,,Sanjay Samanta-113,Sanjay Samanta-113,1,1.46,1.46,1.3432,0,,0,0,0,0,150,10
,,,,,,FG-HIMSHW,,,,0,0,0,0,,AG-22-YELLOW,0,1.46,0,0,0,
COMPANY STOCK,REGREPREGREG-354,REGREPREGREG-354-1,"18,YELLOW",SREP50002,PMJ&GEMS-B-C-HIMAYATHNAGAR-SHOWROOM,FG-HIMSHW,,Sanjay Samanta-113,Sanjay Samanta-113,1,0.65,0.65,0.494,0,,0,0,0,0,150,10
,,,,,,FG-HIMSHW,,,,0,0,0,0,,AG-18-YELLOW,0,0.65,0,0,0,
COMPANY STOCK,REGREPREGREG-126,REGREPREGREG-126-1,"22,YELLOW",SREP42415,PMJ&GEMS-B-C-HIMAYATHNAGAR-SHOWROOM,FG-HIMSHW,,Sanjay Samanta,,1,1.32,1.32,1.2144,0,,0,0,0,0,150,10
,,,,,,FG-HIMSHW,,,,0,0,0,0,,AG-22-YELLOW,0,1.32,0,3806.80413,0,
COMPANY STOCK,REGMALREGREG-94,REGMALREGREG-94-1,"22,YELLOW",SMAL9166,PMJ&GEMS-B-C-HIMAYATHNAGAR-SHOWROOM,FG-HIMSHW,,GOLD STRINGS,,1,68.06,46.43,42.7156,0,,0,0,0,0,250,10
,,,,,,FG-HIMSHW,,,,0,0,0,0,3200,AG-22-YELLOW,0,46.43,0,128146.8,0,
,,,,,,FG-HIMSHW,,,,0,0,0,0,0,RBBMIXMIXREDMIX,74,45.75,650,7320,0,
,,,,,,FG-HIMSHW,,,,0,0,0,0,0,PRLMIXMIXMIXMIX,1,62.4,350,9984,0,
COMPANY STOCK,REGMSCREGREG-41,REGMSCREGREG-41-1,"22,YELLOW",SMSC32092,PMJ&GEMS-B-C-HIMAYATHNAGAR-SHOWROOM,FG-HIMSHW,,P.MANOHARLAL JEWELLERS & EXPORTERS,P.MANOHARLAL JEWELLERS & EXPORTERS,1,2.12,2.12,1.9504,0,,0,0,0,0,150,10
,,,,,,FG-HIMSHW,,,,0,0,0,0,,AG-22-YELLOW,0,2.12,0,0,0,
COMPANY STOCK,KSUERNSTDREG-19,KSUERNSTDREG-19-1,"22,YELLOW",SERN25535,PMJ&GEMS-B-C-HIMAYATHNAGAR-SHOWROOM,FG-HIMSHW,,MACALUCKSHMI JEWELLERS,,1,3.74,3.658,3.36536,0,,0,0,0,0,0,10
,,,,,,FG-HIMSHW,,,,0,0,0,0,,AG-22-YELLOW,0,3.658,0,11507.79365,0,
,,,,,,FG-HIMSHW,,,,0,0,0,0,0,RBPMIXMIXREDMIX,4,0.41,1500,615,0,
COMPANY STOCK,REGMSCREGREG-3,REGMSCREGREG-3-1,"22,YELLOW",SMSC11531,PMJ&GEMS-B-C-HIMAYATHNAGAR-SHOWROOM,FG-HIMSHW,,GAUTAM KUMAR SONI,,1,5.98,5.98,5.5016,0,,0,0,0,0,1,10
,,,,,,FG-HIMSHW,,,,0,0,0,0,3200,AG-22-YELLOW,0,5.98,0,16504.8,0,
COMPANY STOCK,CBTCHNREGREG-515,CBTCHNREGREG-515-1,"22,YELLOW",SCHN28012,PMJ&GEMS-B-C-HIMAYATHNAGAR-SHOWROOM,FG-HIMSHW,,MACALUCKSHMI JEWELLERS,,1,12.461,12.461,11.46412,0,,0,0,0,0,0,10
,,,,,,FG-HIMSHW,,,,0,0,0,0,,AG-22-YELLOW,1,12.461,0,39201.37143,0,
COMPANY STOCK,PLNMSRREG2LN-58,PLNMSRREG2LN-58-1,"22,YELLOW",SMSR9006,PMJ&GEMS-B-C-HIMAYATHNAGAR-SHOWROOM,FG-HIMSHW,,Singar Santosh R,,1,7.98,6.87,6.3204,0,,0,0,0,0,150,10
,,,,,,FG-HIMSHW,,,,0,0,0,0,0,BLBMIXMIXMIXMIX,346,5.55,50,55.5,0,
,,,,,,FG-HIMSHW,,,,0,0,0,0,3200,AG-22-YELLOW,0,6.87,0,18961.2,0,
COMPANY STOCK,TMCNECREGREG-263,TMCNECREGREG-263-1,"22,YELLOW",SNEC10759,PMJ&GEMS-B-C-HIMAYATHNAGAR-SHOWROOM,FG-HIMSHW,,Mamraj Mussadilal Jewellers,,1,85.09,84.26,77.5192,0,,0,0,0,0,250,10
,,,,,,FG-HIMSHW,,,,0,0,0,0,3200,AG-22-YELLOW,0,84.26,0,232557.6,0,
,,,,,,FG-HIMSHW,,,,0,0,0,0,0,RBPMIXMIXREDMIX,11,4.15,1500,41.5,0,
COMPANY STOCK,TMCJMKREGREG-365,TMCJMKREGREG-365-1,"22,YELLOW",SJMK36039,PMJ&GEMS-B-C-HIMAYATHNAGAR-SHOWROOM,FG-HIMSHW,,VINATI JEWELLERS,,1,17.013,16.783,15.44036,0,,0,0,0,0,250,10
,,,,,,FG-HIMSHW,,,,0,0,0,0,0,RBPMIXMIXREDMIX,10,1.15,1500,977.5,0,
,,,,,,FG-HIMSHW,,,,0,0,0,0,,AG-22-YELLOW,0,16.783,0,52195.13,0,
COMPANY STOCK,TMCJMKREGREG-424,TMCJMKREGREG-424-1,"22,YELLOW",SJMK44800,PMJ&GEMS-B-C-HIMAYATHNAGAR-SHOWROOM,FG-HIMSHW,,VINATI JEWELLERS,,1,10.91,10.77,9.9084,0,,0,0,0,0,250,10
,,,,,,FG-HIMSHW,,,,0,0,0,0,,AG-22-YELLOW,0,10.77,0,2794.26627,0,
,,,,,,FG-HIMSHW,,,,0,0,0,0,0,RBPMIXMIXREDMIX,2,0.7,1500,0,0,
COMPANY STOCK,TMCCKRREGREG-160,TMCCKRREGREG-160-1,"22,YELLOW",SCKR12340,PMJ&GEMS-B-C-HIMAYATHNAGAR-SHOWROOM,FG-HIMSHW,,Jai Gulab Dev Jewellers,,1,71.5,69.44,63.8848,0,,0,0,0,0,250,10
,,,,,,FG-HIMSHW,,,,0,0,0,0,3200,AG-22-YELLOW,0,69.44,0,191654.4,0,
,,,,,,FG-HIMSHW,,,,0,0,0,0,0,RBPMIXMIXREDMIX,80,10.3,1500,1030,0,
COMPANY STOCK,REGMSCREGREG-123,REGMSCREGREG-123-1,"22,YELLOW",SMSC41044,PMJ&GEMS-B-C-BANJARA HILLS-SHOWROOM,FG-BHSHW,,Mamraj Mussadilal Jewellers,,1,0.481,0.001,0.00092,0,,0,0,0,0,0,10
,,,,,,FG-BHSHW,,,,0,0,0,0,0,EMEMIXMIXGREENMIX,1,2.4,1500,8400,0,
,,,,,,FG-BHSHW,,,,0,0,0,0,,AG-22-YELLOW,0,0.001,0,3.14038,0,
COMPANY STOCK,REGMSCREGREG-122,REGMSCREGREG-122-1,"18,YELLOW",SMSC41231,PMJ&GEMS-B-C-BANJARA HILLS-SHOWROOM,FG-BHSHW,,SUKUMAR MONDAL (14),,1,3.57,2.194,1.66744,0,,0,0,0,0,550,10
,,,,,,FG-BHSHW,,,,0,0,0,0,0,ONXMIXMIXGREENMIX,1,3.12,1500,4680,0,
,,,,,,FG-BHSHW,,,,0,0,0,0,,AG-18-YELLOW,0,2.194,0,6582,0,
,,,,,,FG-BHSHW,,,,0,0,0,0,0,OTHMIXMIXMIXMIX,1,3.76,1500,5640,0,
COMPANY STOCK,MCNACSBCNREG-707,MCNACSBCNREG-707-1,"18,YELLOW",SACS49933,PMJ&GEMS-B-C-BANJARA HILLS-SHOWROOM,FG-BHSHW,,IN HOUSE,,1,1.04,1.04,0.7904,0,,0,0,0,0,0,10
,,,,,,FG-BHSHW,,,,0,0,0,0,,AG-18-YELLOW,0,1.04,0,3309.28,0,
COMPANY STOCK,OPNMATHNGNET-1394,OPNMATHNGNET-1394-1,"18,YELLOW",SMAT28338,PMJ&GEMS-B-C-HIMAYATHNAGAR-SHOWROOM,FG-HIMSHW,,SUKUMAR MONDAL (14)-JW,,1,22.93,22.324,16.96624,0,,0,0,0,0,550,10
,,,,,,FG-HIMSHW,,,,0,0,0,0,0,DIARNDVVSEF01.01- 2 CT,156,1.05,59500,1.05,0,
,,,,,,FG-HIMSHW,,,,0,0,0,0,,AG-18-YELLOW,0,22.324,0,64386.8808,0,
,,,,,,FG-HIMSHW,,,,0,0,0,0,0,ONXMIXMIXMIXMIX,2,1.98,1500,2970,0,
COMPANY STOCK,OPNPNDSHKCDI-873,OPNPNDSHKCDI-873-1,"18,YELLOW",SPND30603,PMJ&GEMS-B-C-HIMAYATHNAGAR-SHOWROOM,FG-HIMSHW,,ASHOK DAS - JW,,1,3.58,2.742,2.08392,0,,0,0,0,0,550,10
,,,,,,FG-HIMSHW,,,,0,0,0,0,0,DIABAGVVSEFMIX,13,0.34,59500,20230,0,
,,,,,,FG-HIMSHW,,,,0,0,0,0,0,DIARNDVVSEF0.085 TO 0.125(III),5,0.6,78000,35700,0,
,,,,,,FG-HIMSHW,,,,0,0,0,0,0,OTHMIXMIXMIXMIX,1,2,1500,1100,0,
,,,,,,FG-HIMSHW,,,,0,0,0,0,0,SSPMIXMIXMIXMIX,1,1.25,350,687.5,0,
,,,,,,FG-HIMSHW,,,,0,0,0,0,,AG-18-YELLOW,0,2.742,0,6558.86318,0,
COMPANY STOCK,OPNPNDSHKCDI-2104,OPNPNDSHKCDI-2104-1,"18,YELLOW",SPND44397,PMJ&GEMS-B-C-HIMAYATHNAGAR-SHOWROOM,FG-HIMSHW,,NABIN KUMAR HAMBHIR (134) - JW,,1,5.12,4.766,3.62216,0,,0,0,0,0,650,10
,,,,,,FG-HIMSHW,,,,0,0,0,0,0,ONXMIXMIXMIXMIX,1,0.7,1500,1050,0,
,,,,,,FG-HIMSHW,,,,0,0,0,0,0,DIAPEAVVSEFMIX,5,0.19,59500,11305,0,
,,,,,,FG-HIMSHW,,,,0,0,0,0,0,DIARNDVVSEFMIX,56,0.36,59500,21420,0,
,,,,,,FG-HIMSHW,,,,0,0,0,0,0,DIAMAQVVSEFMIX,11,0.52,59500,30940,0,
,,,,,,FG-HIMSHW,,,,0,0,0,0,,AG-18-YELLOW,0,4.766,0,12623.2276,0,
COMPANY STOCK,MCNBNGS04REG-555,MCNBNGS04REG-555-1,"22,YELLOW",SBNG19779,PMJ&GEMS-B-C-BANJARA HILLS-SHOWROOM,FG-BHSHW,,Aarpee Bangles,,1,51.87,51.87,47.7204,0,,0,0,0,0,0,10
,,,,,,FG-BHSHW,,,,0,0,0,0,,AG-22-YELLOW,0,51.87,0,171171,0,
COMPANY STOCK,REGMSCREGREG-87,REGMSCREGREG-87-1,"22,YELLOW",SMSC26743,PMJ&GEMS-B-C-BANJARA HILLS-SHOWROOM,FG-BHSHW,,B RAVI PRASHANT (33),,1,0.32,0.32,0.2944,0,,0,0,0,0,500,10
,,,,,,FG-BHSHW,,,,0,0,0,0,,AG-22-YELLOW,0,0.32,0,1056,0,
COMPANY STOCK,REGMSCREGREG-15,REGMSCREGREG-15-1,"18,YELLOW",SMSC25785,PMJ&GEMS-B-C-BANJARA HILLS-SHOWROOM,FG-BHSHW,,KALYAN SUKUMAR KAR (121),,1,4.19,2.982,2.26632,0,,0,0,0,0,600,10
,,,,,,FG-BHSHW,,,,0,0,0,0,,AG-18-YELLOW,0,2.982,0,0,0,
,,,,,,FG-BHSHW,,,,0,0,0,0,0,DIARNDVVSEFMIX,10,0.31,59500,18445,0,
,,,,,,FG-BHSHW,,,,0,0,0,0,0,OTHMIXMIXMIXMIX,2,5.73,1500,8595,0,
COMPANY STOCK,MUTPNDMCUTMCUT-9,LSPPNDSPLMUT-9-1,"22,YELLOW",SPND9721,PMJ&GEMS-B-C-BANJARA HILLS-SHOWROOM,FG-BHSHW,,Kundan craft pvt. ltd. (Karigar),,1,7.67,7.106,6.53752,0,,0,0,0,0,450,10
,,,,,,FG-BHSHW,,,,0,0,0,0,0,EMEMIXMIXGREENMIX,1,0.25,3500,375,0,
,,,,,,FG-BHSHW,,,,0,0,0,0,0,PRLMIXMIXMIXMIX,15,1,450,100,0,
,,,,,,FG-BHSHW,,,,0,0,0,0,0,DIAMUTAEFMIX,8,1.22,45000,42700,0,
,,,,,,FG-BHSHW,,,,0,0,0,0,0,RUBMIXMIXREDMIX,1,0.05,3000,75,0,
,,,,,,FG-BHSHW,,,,0,0,0,0,3200,AG-22-YELLOW,0,7.106,0,19612.56,0,
,,,,,,FG-BHSHW,,,,0,0,0,0,0,LBDMIXMIXEFMIX,24,0.3,25000,4200,0,
COMPANY STOCK,PLTBNGREGREG-1,PLTBNGREGREG-1-1,"95.00,WHITE",SBNG6830,PMJ&GEMS-B-C-BANJARA HILLS-SHOWROOM,FG-BHSHW,,KAMA-SCHACHTER JEWELRY PVT LTD.,,1,19.48,19.43,18.4585,0,,0,0,0,0,1000,10
,,,,,,FG-BHSHW,,,,0,0,0,0,0,DIARNDMIXEFMIX,10,0.25,50000,10500,0,
,,,,,,FG-BHSHW,,,,0,0,0,0,3200,PT95WHITE,0,19.43,0,68005,0,
COMPANY STOCK,PLTBNGREGREG-2,PLTBNGREGREG-2-1,"95.00,WHITE",SBNG9181,PMJ&GEMS-B-C-BANJARA HILLS-SHOWROOM,FG-BHSHW,,KAMA-SCHACHTER JEWELRY PVT LTD.,,1,19.07,19.036,18.0842,0,,0,0,0,0,1000,10
,,,,,,FG-BHSHW,,,,0,0,0,0,3200,PT95WHITE,0,19.036,0,66626,0,
,,,,,,FG-BHSHW,,,,0,0,0,0,0,DIARNDMIXEFMIX,14,0.17,50000,7140,0,
COMPANY STOCK,PLTNECREGREG-2,PLTNECREGREG-2-1,"95.00,WHITE",SNEC8459,PMJ&GEMS-B-C-BANJARA HILLS-SHOWROOM,FG-BHSHW,,KAMA-SCHACHTER JEWELRY PVT LTD.,,1,35.9,34.46,32.737,0,,0,0,0,0,1000,10
,,,,,,FG-BHSHW,,,,0,0,0,0,3200,PT95WHITE,0,34.46,0,120610,0,
,,,,,,FG-BHSHW,,,,0,0,0,0,0,DIARNDMIXEFMIX,398,7.2,50000,302400,0,
COMPANY STOCK,PLTNECREGREG-1,PLTNECREGREG-1-1,"95.00,WHITE",SNEC9233,PMJ&GEMS-B-C-BANJARA HILLS-SHOWROOM,FG-BHSHW,,KAMA-SCHACHTER JEWELRY PVT LTD.,,1,27.75,25.958,24.6601,0,,0,0,0,0,1000,10
,,,,,,FG-BHSHW,,,,0,0,0,0,0,SSPMIXMIXMIXMIX,1,5.4,350,2759.4,0,
,,,,,,FG-BHSHW,,,,0,0,0,0,3200,PT95WHITE,0,25.958,0,90853,0,
,,,,,,FG-BHSHW,,,,0,0,0,0,0,DIARNDMIXEFMIX,424,3.56,50000,149520,0,
COMPANY STOCK,PLTPNDREGREG-7,PLTPNDREGREG-7-1,"95.00,WHITE",SPND7444,PMJ&GEMS-B-C-BANJARA HILLS-SHOWROOM,FG-BHSHW,,KAMA-SCHACHTER JEWELRY PVT LTD.,,1,4.21,4.1,3.895,0,,0,0,0,0,1000,10
,,,,,,FG-BHSHW,,,,0,0,0,0,0,DIARNDMIXEFMIX,83,0.55,50000,23100,0,
,,,,,,FG-BHSHW,,,,0,0,0,0,3200,PT95WHITE,0,4.1,0,14350,0,
COMPANY STOCK,PLTRNGREGREG-7,PLTRNGREGREG-7-1,"95.00,WHITE",SRNG9521,PMJ&GEMS-B-C-BANJARA HILLS-SHOWROOM,FG-BHSHW,,KAMA-SCHACHTER JEWELRY PVT LTD.,,1,3.64,3.634,3.4523,0,,0,0,0,0,1000,10
,,,,,,FG-BHSHW,,,,0,0,0,0,0,DIARNDMIXEFMIX,1,0.03,50000,1260,0,
,,,,,,FG-BHSHW,,,,0,0,0,0,3200,PT95WHITE,0,3.634,0,12719,0,
COMPANY STOCK,PLTRNGREGREG-5,PLTRNGREGREG-5-1,"95.00,WHITE",SRNG8752,PMJ&GEMS-B-C-BANJARA HILLS-SHOWROOM,FG-BHSHW,,KAMA-SCHACHTER JEWELRY PVT LTD.,,1,5.7,5.7,5.415,0,,0,0,0,0,1000,10
,,,,,,FG-BHSHW,,,,0,0,0,0,3200,PT95WHITE,0,5.7,0,19950,0,
COMPANY STOCK,PLTRNGREGREG-21,PLTRNGREGREG-21-1,"95.00,WHITE",SRNG10499,PMJ&GEMS-B-C-BANJARA HILLS-SHOWROOM,FG-BHSHW,,BIMAL,,1,5.06,5.06,4.807,0,,0,0,0,0,1000,10
,,,,,,FG-BHSHW,,,,0,0,0,0,3200,PT95WHITE,0,5.06,0,17710,0,
COMPANY STOCK,PLTPNDREGREG-4,PLTPNDREGREG-4-1,"95.00,WHITE",SPND9980,PMJ&GEMS-B-C-HIMAYATHNAGAR-SHOWROOM,FG-HIMSHW,,KAMA-SCHACHTER JEWELRY PVT LTD.,,1,2.43,2.4,2.28,0,,0,0,0,0,1000,10
,,,,,,FG-HIMSHW,,,,0,0,0,0,3200,PT95WHITE,0,2.4,0,8400,0,
,,,,,,FG-HIMSHW,,,,0,0,0,0,0,DIARNDMIXEFMIX,13,0.15,50000,6300,0,
COMPANY STOCK,PLTPNDREGREG-3,PLTPNDREGREG-3-1,"95.00,WHITE",SPND9644,PMJ&GEMS-B-C-HIMAYATHNAGAR-SHOWROOM,FG-HIMSHW,,IN HOUSE,,1,1.35,1.336,1.2692,0,,0,0,0,0,1000,10
,,,,,,FG-HIMSHW,,,,0,0,0,0,0,DIARNDMIXEFMIX,12,0.07,59500,2520,0,
,,,,,,FG-HIMSHW,,,,0,0,0,0,3200,PT95WHITE,0,1.336,0,4676,0,
COMPANY STOCK,PLTPNDREGREG-5,PLTPNDREGREG-5-1,"95.00,WHITE",SPND9854,PMJ&GEMS-B-C-HIMAYATHNAGAR-SHOWROOM,FG-HIMSHW,,KAMA-SCHACHTER JEWELRY PVT LTD.,,1,4.36,4.284,4.0698,0,,0,0,0,0,1000,10
,,,,,,FG-HIMSHW,,,,0,0,0,0,0,DIARNDMIXEFMIX,37,0.38,50000,15960,0,
,,,,,,FG-HIMSHW,,,,0,0,0,0,3200,PT95WHITE,0,4.284,0,14994,0,
COMPANY STOCK,PLTPNDREGREG-6,PLTPNDREGREG-6-1,"95.00,WHITE",SPND9855,PMJ&GEMS-B-C-HIMAYATHNAGAR-SHOWROOM,FG-HIMSHW,,KAMA-SCHACHTER JEWELRY PVT LTD.,,1,1.54,1.478,1.4041,0,,0,0,0,0,1000,10
,,,,,,FG-HIMSHW,,,,0,0,0,0,0,DIARNDVVSEF0.180 TO 0.220(V),1,0.2,95000,18193.6,0,
,,,,,,FG-HIMSHW,,,,0,0,0,0,0,DIARNDMIXEFMIX,15,0.11,50000,4620,0,
,,,,,,FG-HIMSHW,,,,0,0,0,0,3200,PT95WHITE,0,1.478,0,5173,0,
COMPANY STOCK,PLTPNDREGREG-8,PLTPNDREGREG-8-1,"95.00,WHITE",SPND7552,PMJ&GEMS-B-C-HIMAYATHNAGAR-SHOWROOM,FG-HIMSHW,,KAMA-SCHACHTER JEWELRY PVT LTD.,,1,4.47,4.47,4.2465,0,,0,0,0,0,1000,10
,,,,,,FG-HIMSHW,,,,0,0,0,0,3200,PT95WHITE,0,4.47,0,15645,0,
COMPANY STOCK,PLTPNDREGREG-1,PLTPNDREGREG-1-1,"95.00,WHITE",SPND8787,PMJ&GEMS-B-C-HIMAYATHNAGAR-SHOWROOM,FG-HIMSHW,,KAMA-SCHACHTER JEWELRY PVT LTD.,,1,2.43,2.356,2.2382,0,,0,0,0,0,1000,10
,,,,,,FG-HIMSHW,,,,0,0,0,0,3200,PT95WHITE,0,2.356,0,8246,0,
,,,,,,FG-HIMSHW,,,,0,0,0,0,0,DIARNDMIXEFMIX,9,0.37,50000,15540,0,
COMPANY STOCK,PLTPNDREGREG-13,PLTPNDREGREG-13-1,"95.00,WHITE",SPND12143,PMJ&GEMS-B-C-HIMAYATHNAGAR-SHOWROOM,FG-HIMSHW,,KAMA-SCHACHTER JEWELRY PVT LTD.,,1,2.84,2.798,2.6581,0,,0,0,0,0,1000,10
,,,,,,FG-HIMSHW,,,,0,0,0,0,3200,PT95WHITE,0,2.798,0,9793,0,
,,,,,,FG-HIMSHW,,,,0,0,0,0,0,DIARNDVVSEFMIX,14,0.13,50000,5460,0,
,,,,,,FG-HIMSHW,,,,0,0,0,0,0,DIARNDMIXEF0.075 TO 0.080(II),1,0.08,78000,4742.56,0,
COMPANY STOCK,PLTPNDREGREG-12,PLTPNDREGREG-12-1,"95.00,WHITE",SPND11294,PMJ&GEMS-B-C-HIMAYATHNAGAR-SHOWROOM,FG-HIMSHW,,KAMA-SCHACHTER JEWELRY PVT LTD.,,1,1.61,1.594,1.5143,0,,0,0,0,0,1000,10
,,,,,,FG-HIMSHW,,,,0,0,0,0,0,DIARNDMIXEFMIX,21,0.08,50000,3360,0,
,,,,,,FG-HIMSHW,,,,0,0,0,0,3200,PT95WHITE,0,1.594,0,5579,0,
COMPANY STOCK,PLTPNDREGREG-2,PLTPNDREGREG-2-1,"95.00,WHITE",SPND9215,PMJ&GEMS-B-C-HIMAYATHNAGAR-SHOWROOM,FG-HIMSHW,,KAMA-SCHACHTER JEWELRY PVT LTD.,,1,1.17,1.132,1.0754,0,,0,0,0,0,1000,10
,,,,,,FG-HIMSHW,,,,0,0,0,0,3200,PT95WHITE,0,1.132,0,3962,0,
,,,,,,FG-HIMSHW,,,,0,0,0,0,0,DIARNDVVSEFMIX,20,0.07,50000,2940,0,
,,,,,,FG-HIMSHW,,,,0,0,0,0,0,DIARNDMIXEF0.085 TO 0.125(III),1,0.12,78000,7113.84,0,
COMPANY STOCK,PLTPNDREGREG-9,PLTPNDREGREG-9-1,"95.00,WHITE",SPND7600,PMJ&GEMS-B-C-HIMAYATHNAGAR-SHOWROOM,FG-HIMSHW,,IN HOUSE,,1,15.76,15.56,14.782,0,,0,0,0,0,1000,10
,,,,,,FG-HIMSHW,,,,0,0,0,0,3200,PT95WHITE,0,15.56,0,54460,0,
,,,,,,FG-HIMSHW,,,,0,0,0,0,0,DIARNDMIXEFMIX,200,1,59500,36000,0,
COMPANY STOCK,PLTPNDREGREG-10,PLTPNDREGREG-10-1,"95.00,WHITE",SPND7448,PMJ&GEMS-B-C-HIMAYATHNAGAR-SHOWROOM,FG-HIMSHW,,KAMA-SCHACHTER JEWELRY PVT LTD.,,1,9.3,9.142,8.6849,0,,0,0,0,0,1000,10
,,,,,,FG-HIMSHW,,,,0,0,0,0,3200,PT95WHITE,0,9.142,0,31997,0,
,,,,,,FG-HIMSHW,,,,0,0,0,0,0,DIARNDMIXEFMIX,159,0.79,50000,33180,0,
COMPANY STOCK,PLTPNDREGREG-11,PLTPNDREGREG-11-1,"95.00,WHITE",SPND8115,PMJ&GEMS-B-C-HIMAYATHNAGAR-SHOWROOM,FG-HIMSHW,,KAMA-SCHACHTER JEWELRY PVT LTD.,,1,4.58,4.28,4.066,0,,0,0,0,0,1000,10
,,,,,,FG-HIMSHW,,,,0,0,0,0,3200,PT95WHITE,0,4.28,0,14980,0,
,,,,,,FG-HIMSHW,,,,0,0,0,0,0,DIARNDMIXEFMIX,95,1.5,50000,63000,0,
COMPANY STOCK,PLTRNGREGREG-16,PLTRNGREGREG-16-1,"95.00,WHITE",SRNG11328,PMJ&GEMS-B-C-HIMAYATHNAGAR-SHOWROOM,FG-HIMSHW,,SHRENUJ,,1,9.58,9.58,9.101,0,,0,0,0,0,1000,10
,,,,,,FG-HIMSHW,,,,0,0,0,0,3200,PT95WHITE,0,9.58,0,33530,0,
COMPANY STOCK,PLTRNGREGREG-19,PLTRNGREGREG-19-1,"95.00,WHITE",SRNG11828,PMJ&GEMS-B-C-HIMAYATHNAGAR-SHOWROOM,FG-HIMSHW,,KAMA-SCHACHTER JEWELRY PVT LTD.,,1,4.1,4.09,3.8855,0,,0,0,0,0,1000,10
,,,,,,FG-HIMSHW,,,,0,0,0,0,0,DIARNDMIXEFMIX,1,0.05,50000,2100,0,
,,,,,,FG-HIMSHW,,,,0,0,0,0,3200,PT95WHITE,0,4.09,0,14315,0,
COMPANY STOCK,PLTRNGREGREG-11,PLTRNGREGREG-11-1,"95.00,WHITE",SRNG7704,PMJ&GEMS-B-C-HIMAYATHNAGAR-SHOWROOM,FG-HIMSHW,,KAMA-SCHACHTER JEWELRY PVT LTD.,,1,3.33,3.308,3.1426,0,,0,0,0,0,1000,10
,,,,,,FG-HIMSHW,,,,0,0,0,0,3200,PT95WHITE,0,3.308,0,11578,0,
,,,,,,FG-HIMSHW,,,,0,0,0,0,0,DIARNDMIXEFMIX,5,0.11,50000,4620,0,
COMPANY STOCK,PLTRNGREGREG-9,PLTRNGREGREG-9-1,"95.00,WHITE",SRNG9558,PMJ&GEMS-B-C-HIMAYATHNAGAR-SHOWROOM,FG-HIMSHW,,KAMA-SCHACHTER JEWELRY PVT LTD.,,1,5.26,5.26,4.997,0,,0,0,0,0,1000,10
,,,,,,FG-HIMSHW,,,,0,0,0,0,3200,PT95WHITE,0,5.26,0,18410,0,
COMPANY STOCK,PLTRNGREGREG-1,PLTRNGREGREG-1-1,"95.00,WHITE",SRNG6359,PMJ&GEMS-B-C-HIMAYATHNAGAR-SHOWROOM,FG-HIMSHW,,KAMA-SCHACHTER JEWELRY PVT LTD.,,1,4.17,4.17,3.9615,0,,0,0,0,0,1000,10
,,,,,,FG-HIMSHW,,,,0,0,0,0,3200,PT95WHITE,0,4.17,0,14595,0,
COMPANY STOCK,PLTRNGREGREG-18,PLTRNGREGREG-18-1,"95.00,WHITE",SRNG11500,PMJ&GEMS-B-C-HIMAYATHNAGAR-SHOWROOM,FG-HIMSHW,,IN HOUSE,,1,4.04,3.952,3.7544,0,,0,0,0,0,1000,10
,,,,,,FG-HIMSHW,,,,0,0,0,0,0,DIARNDMIXEFMIX,39,0.44,59500,15840,0,
,,,,,,FG-HIMSHW,,,,0,0,0,0,3200,PT95WHITE,0,3.952,0,13832,0,
COMPANY STOCK,OPNERNBALJBL-2964,OPNERNBALJBL-2964-1,"18,YELLOW",SERN40899,PMJ&GEMS-B-C-HIMAYATHNAGAR-SHOWROOM,FG-HIMSHW,,Ramkrishna Ghosh (111) - JW,,1,4.55,4.452,3.38352,0,,0,0,0,0,650,10
,,,,,,FG-HIMSHW,,,,0,0,0,0,,AG-18-YELLOW,0,4.452,0,11791.5672,0,
,,,,,,FG-HIMSHW,,,,0,0,0,0,0,DIARNDVVSEFMIX,32,0.2,59500,11900,0,
,,,,,,FG-HIMSHW,,,,0,0,0,0,0,DIAPEAVSEFMIX,6,0.29,59500,17255,0,
COMPANY STOCK,OPNERNFANREG-3449,OPNERNFANREG-3449-1,"18,YELLOW",SERN48391,PMJ&GEMS-B-C-HIMAYATHNAGAR-SHOWROOM,FG-HIMSHW,,TARUN SUNIL PANDIT (124),,1,5.09,4.948,3.76048,0,,0,0,0,0,650,10
,,,,,,FG-HIMSHW,,,,0,0,0,0,0,DIAPEAVVSEFMIX,8,0.28,59500,0,0,
,,,,,,FG-HIMSHW,,,,0,0,0,0,0,DIARNDVVSEFMIX,50,0.43,59500,0.43,0,
,,,,,,FG-HIMSHW,,,,0,0,0,0,,AG-18-YELLOW,0,4.948,0,11279.75467,0,
COMPANY STOCK,OPNERNREGFDI-3458,OPNERNREGFDI-3458-1,"18,ROSE",SERN48400,PMJ&GEMS-B-C-HIMAYATHNAGAR-SHOWROOM,FG-HIMSHW,,TARUN SUNIL PANDIT (124),,1,6.03,5.852,4.44752,0,,0,0,0,0,650,10
,,,,,,FG-HIMSHW,,,,0,0,0,0,0,DIARNDVVSEFMIX,90,0.89,59500,0.89,0,
,,,,,,FG-HIMSHW,,,,0,0,0,0,,AG-18-ROSE,0,5.852,0,13340.56676,0,
COMPANY STOCK,OPNRNGLDSFDI-1355,OPNRNGLDSFDI-1355-1,"18,YELLOW",SRNG27323,PMJ&GEMS-B-C-HIMAYATHNAGAR-SHOWROOM,FG-HIMSHW,,PMJ GEMS & JEWELLERS,,1,10.22,9.98,7.5848,0,,0,0,0,0,650,10
,,,,,,FG-HIMSHW,,,,0,0,0,0,,AG-18-YELLOW,0,9.98,0,29940,0,
,,,,,,FG-HIMSHW,,,,0,0,0,0,0,DIARNDVVSEFMIX,76,1.2,59500,71400,0,
COMPANY STOCK,REGREPREGREG-89,REGREPREGREG-89-1,"18,YELLOW",SREP46468,PMJ&GEMS-B-C-BANJARA HILLS-SHOWROOM,FG-BHSHW,,IN HOUSE,,1,0.07,0.07,0.0532,0,,0,0,0,0,550,10
,,,,,,FG-BHSHW,,,,0,0,0,0,,AG-18-YELLOW,0,0.07,0,0,0,
COMPANY STOCK,OPNERNREGCDI-2279,OPNERNREGCDI-2279-1,"18,YELLOW",CERN24292,PMJ&GEMS-B-C-BANJARA HILLS-SHOWROOM,FG-BHSHW,,ASHOK DAS - JW,,1,17.82,14.904,11.32704,0,,0,0,0,0,550,10
,,,,,,FG-BHSHW,,,,0,0,0,0,,AG-18-YELLOW,0,14.904,0,37900.27584,0,
,,,,,,FG-BHSHW,,,,0,0,0,0,0,OTHMIXMIXMIXMIX,2,3.3,1500,1815,0,
,,,,,,FG-BHSHW,,,,0,0,0,0,0,ONXMIXMIXMIXMIX,2,2,1500,1100,0,
,,,,,,FG-BHSHW,,,,0,0,0,0,0,CSDMIXMIXEFMIX,56,1.45,2500,86275,0,
,,,,,,FG-BHSHW,,,,0,0,0,0,0,PRLMIXMIXMIXMIX,2,7.4,250,1850,0,
,,,,,,FG-BHSHW,,,,0,0,0,0,0,DIARNDVVSEFMIX,56,0.43,59500,25585,0,
COMPANY STOCK,CLSERNREGFDI-2376,CLSERNREGFDI-2376-1,"22,YELLOW",CERN25496,PMJ&GEMS-B-C-BANJARA HILLS-SHOWROOM,FG-BHSHW,,SU-GAN JEWELLERY (87)-JW,,1,8.5,8.28,7.6176,0,,0,0,0,0,500,10
,,,,,,FG-BHSHW,,,,0,0,0,0,0,DIARNDVVSEF0.085 TO 0.125(III),2,0.24,78000,17280,0,
,,,,,,FG-BHSHW,,,,0,0,0,0,,AG-22-YELLOW,0,8.28,0,29065.905,0,
,,,,,,FG-BHSHW,,,,0,0,0,0,0,DIARNDVVSEFMIX,20,0.86,59500,51170,0,
COMPANY STOCK,CSTPNDREGGAN-1,CSTPNDREGREG-1-1,"22,YELLOW",SPND26440,PMJ&GEMS-B-C-HIMAYATHNAGAR-SHOWROOM,FG-HIMSHW,,Sanjay Samanta,,1,5.1,5.1,4.692,0,,0,0,0,0,150,10
,,,,,,FG-HIMSHW,,,,0,0,0,0,,AG-22-YELLOW,0,5.1,0,14122.91069,0,
COMPANY STOCK,REGMALREGREG-717,REGMALREGREG-717-1,"22,YELLOW",SMAL36540,PMJ&GEMS-B-C-BANJARA HILLS-SHOWROOM,FG-BHSHW,,Kundan craft pvt. ltd. (Karigar),Kundan craft pvt. ltd. (Karigar),1,25.75,22.59,20.7828,0,,0,0,0,0,550,10
,,,,,,FG-BHSHW,,,,0,0,0,0,,AG-22-YELLOW,0,22.59,0,0,0,
,,,,,,FG-BHSHW,,,,0,0,0,0,0,EMBMIXMIXGREENMIX,6,15.8,2500,0,0,
COMPANY STOCK,MALERNHNGREG-52,RESERNHNGMAL-52-1,"22,YELLOW",SERN51833,PMJ&GEMS-B-C-BANJARA HILLS-SHOWROOM,FG-BHSHW,,GOLD STRINGS,,1,34.12,15.39,14.1588,0,,0,0,0,0,250,10
,,,,,,FG-BHSHW,,,,0,0,0,0,0,CORMIXMIXORANGEMIX,34,24.85,1500,7455,0,
,,,,,,FG-BHSHW,,,,0,0,0,0,,AG-22-YELLOW,0,15.39,0,50787,0,
,,,,,,FG-BHSHW,,,,0,0,0,0,0,SSPMIXMIXMIXMIX,66,68.8,350,8256,0,
COMPANY STOCK,MCNBNGS04REG-641,MCNBNGS04REG-641-1,"22,YELLOW",SBNG37563,PMJ&GEMS-B-C-BANJARA HILLS-SHOWROOM,FG-BHSHW,,DHANRAJ BANGLES,,1,48.07,48.07,44.2244,0,,0,0,0,0,0,10
,,,,,,FG-BHSHW,,,,0,0,0,0,,AG-22-YELLOW,0,48.07,0,150646.573,0,
COMPANY STOCK,REGMSCREGREG-345,REGMSCREGREG-345-1,"18,YELLOW",SMSC51985,PMJ&GEMS-B-C-BANJARA HILLS-SHOWROOM,FG-BHSHW,,RINA KHAGENDRANATH KAPAT  (99),,1,2.77,1.51,1.1476,0,,0,0,0,0,650,10
,,,,,,FG-BHSHW,,,,0,0,0,0,0,DIARNDFEF02.01 - 3 CT,2,0.02,59500,1190,0,
,,,,,,FG-BHSHW,,,,0,0,0,0,0,OTHMIXMIXMIXMIX,1,6.28,1500,9420,0,
,,,,,,FG-BHSHW,,,,0,0,0,0,,AG-18-YELLOW,0,1.51,0,4355.142,0,
COMPANY STOCK,ORDORDREGREG-1166,ORDORDREGREG-1166-1,"22,YELLOW",CORD45886,PMJ&GEMS-B-C-BANJARA HILLS-SHOWROOM,FG-BHSHW,,Singar Santosh R,,1,8.28,7.24,6.6608,0,,0,0,0,0,150,10
,,,,,,FG-BHSHW,,,,0,0,0,0,,AG-22-YELLOW,0,7.24,0,20238.01706,0,
,,,,,,FG-BHSHW,,,,0,0,0,0,0,BLBMIXMIXBLACKMIX,36,5.2,50,0.0052,0,
COMPANY STOCK,REGREPREGREG-126,REGREPREGREG-126-1,"22,YELLOW",SREP22919,PMJ&GEMS-B-C-HIMAYATHNAGAR-SHOWROOM,FG-HIMSHW,,Sanjay Samanta,,1,0.72,0.72,0.6624,0,,0,0,0,0,150,10
,,,,,,FG-HIMSHW,,,,0,0,0,0,,AG-22-YELLOW,0,0.72,0,2018.9952,0,
COMPANY STOCK,REGREPREGREG-17,REGREPREGREG-17-1,"18,YELLOW",SREP42953,PMJ&GEMS-B-C-HIMAYATHNAGAR-SHOWROOM,FG-HIMSHW,,IN HOUSE,,1,1.72,1.5,1.14,0,,0,0,0,0,550,10
,,,,,,FG-HIMSHW,,,,0,0,0,0,,AG-18-YELLOW,0,1.5,0,3375,0,
,,,,,,FG-HIMSHW,,,,0,0,0,0,0,OTHMIXMIXMIXMIX,2,1.1,1500,0,0,
COMPANY STOCK,OPNNSPREGFDI-83,OPNNSPREGFDI-83-1,"18,YELLOW",CNSP24961,PMJ&GEMS-B-C-BANJARA HILLS-SHOWROOM,FG-BHSHW,,ASHOK DAS - JW,,1,1.7,1.664,1.26464,0,,0,0,0,0,1200,10
,,,,,,FG-BHSHW,,,,0,0,0,0,0,DIARNDVVSEFMIX,10,0.18,59500,10710,0,
,,,,,,FG-BHSHW,,,,0,0,0,0,,AG-18-YELLOW,0,1.664,0,4231.48544,0,
COMPANY STOCK,OPNRNGLDSCDI-151,OPNRNGLDSCDI-151-1,"18,YELLOW",CRNG20984,PMJ&GEMS-B-C-BANJARA HILLS-SHOWROOM,FG-BHSHW,,PRASENJIT (3),,1,4.83,4.718,3.58568,0,,0,0,0,0,550,10
,,,,,,FG-BHSHW,,,,0,0,0,0,0,DIARNDVVSEF01 CT,1,0.15,88000,8925,0,
,,,,,,FG-BHSHW,,,,0,0,0,0,,AG-18-YELLOW,0,4.718,0,12496.0948,0,
,,,,,,FG-BHSHW,,,,0,0,0,0,0,EMEMIXMIXMIXMIX,1,0.16,3500,560,0,
,,,,,,FG-BHSHW,,,,0,0,0,0,0,SAPMIXMIXBLUEMIX,1,0.25,3500,875,0,
COMPANY STOCK,OPNRNGLDSFDI-1856,OPNRNGLDSFDI-1856-1,"18,YELLOW",FRNG47309,PMJ&GEMS-B-C-HIMAYATHNAGAR-SHOWROOM,FG-HIMSHW,,INDIGO JEWELLERY (INDIA) MFG PRIVATE LIMITED,,1,2.42,2.276,1.72976,0,,0,0,0,0,750,10
,,,,,,FG-HIMSHW,,,,0,0,0,0,0,SLTFMRVS1F0.50 to 0.69 (IX),1,0.55,315000,0.55,0,
,,,,,,FG-HIMSHW,,,,0,0,0,0,0,DIARNDVVS1F0.000 TO 0.056(I),22,0.17,59500,10115,0,
,,,,,,FG-HIMSHW,,,,0,0,0,0,,AG-18-YELLOW,0,2.276,0,7510.8,0,
COMPANY STOCK,OPNERNSLTREG-1082,OPNERNSLTREG-1082-1,"18,YELLOW",FERN31899,PMJ&GEMS-B-C-HIMAYATHNAGAR-SHOWROOM,FG-HIMSHW,,SUKUMAR MONDAL (14)-JW,,1,1.47,1.386,1.05336,0,,0,0,0,0,1200,10
,,,,,,FG-HIMSHW,,,,0,0,0,0,,AG-18-YELLOW,0,1.386,0,4158,0,
,,,,,,FG-HIMSHW,,,,0,0,0,0,0,DIAFMRNDVVSEF  0.18 TO 0.22(V),2,0.42,105000,33600,0,
COMPANY STOCK,ANCACSTKAREG-46,ANCACSTKAREG-46-1,"22,YELLOW",SACS36666,PMJ&GEMS-B-C-BANJARA HILLS-SHOWROOM,FG-BHSHW,,PRAKASH GOLD PALACE PVT LTD,PRAKASH GOLD PALACE PVT LTD,1,16.83,12.763,11.74196,0,,0,0,0,0,200,10
,,,,,,FG-BHSHW,,,,0,0,0,0,0,OTHMIXMIXMIXMIX,18,13.7,800,0,0,
,,,,,,FG-BHSHW,,,,0,0,0,0,,AG-22-YELLOW,0,12.763,0,0,0,
,,,,,,FG-BHSHW,,,,0,0,0,0,0,SSPMIXMIXMIXMIX,7,6.635,350,0,0,
COMPANY STOCK,FNIFNIREGREG-26,FNIFNIREGREG-26-1,"18,YELLOW",SFNI8500,PMJ&GEMS-B-C-HIMAYATHNAGAR-SHOWROOM,FG-HIMSHW,,PMJ GEMS & JEWELLERS,,1,3.03,0.974,0.74024,0,,0,0,0,0,550,10
,,,,,,FG-HIMSHW,,,,0,0,0,0,0,SSPMIXMIXMIXMIX,1,10.28,350,1285,0,
,,,,,,FG-HIMSHW,,,,0,0,0,0,3200,AG-18-YELLOW,0,0.974,0,2191.5,0,
COMPANY STOCK,FNIFNIREGREG-25,FNIFNIREGREG-25-1,"22,YELLOW",SFNI12111,PMJ&GEMS-B-C-HIMAYATHNAGAR-SHOWROOM,FG-HIMSHW,,ROSENTIQUES FINE JEWELLERY,,1,0.015,0.001,0.00092,0,,0,0,0,0,550,10
,,,,,,FG-HIMSHW,,,,0,0,0,0,0,DIARNDVVSEFBELOW01CT,1,0.07,59500,2520,0,
,,,,,,FG-HIMSHW,,,,0,0,0,0,3200,AG-22-YELLOW,0,0.001,0,2.76,0,
COMPANY STOCK,FCYCHNREGREG-88,FCYCHNREGREG-88-1,"22,YELLOW",SCHN15185,PMJ&GEMS-B-C-HIMAYATHNAGAR-SHOWROOM,FG-HIMSHW,,SADHANA GOLD,,1,10.155,10.155,9.3426,0,,0,0,0,0,0,10
,,,,,,FG-HIMSHW,,,,0,0,0,0,,AG-22-YELLOW,0,10.155,0,33511.5,0,
COMPANY STOCK,OPNPNDSHKFDI-1652,OPNPNDSHKFDI-1652-1,"18,ROSE",SPND35554,PMJ&GEMS-B-C-HIMAYATHNAGAR-SHOWROOM,FG-HIMSHW,,FABJEWELS PVT LTD,,1,1.8504,1.738,1.32088,0,,0,0,0,0,1200,10
,,,,,,FG-HIMSHW,,,,0,0,0,0,0,DIARNDVVS-VSFGMIX,64,0.295,54000,10313.99945,0,
,,,,,,FG-HIMSHW,,,,0,0,0,0,0,DIAPEAVVS-VSFG0.085 TO 0.125(III),3,0.267,68000,12282,0,
,,,,,,FG-HIMSHW,,,,0,0,0,0,,AG-18-ROSE,0,1.738,0,4040.8493,0,
COMPANY STOCK,OPNPNDSHKFDI-1659,OPNPNDSHKFDI-1659-1,"18,ROSE",SPND34038,PMJ&GEMS-B-C-HIMAYATHNAGAR-SHOWROOM,FG-HIMSHW,,FABJEWELS PVT LTD,,1,4.4298,4.272,3.24672,0,,0,0,0,0,1200,10
,,,,,,FG-HIMSHW,,,,0,0,0,0,0,DIAPEAVVS-VSFG0.085 TO 0.125(III),2,0.212,68000,9752,0,
,,,,,,FG-HIMSHW,,,,0,0,0,0,0,DIARNDVVS-VSFGMIX,62,0.302,54000,10872,0,
,,,,,,FG-HIMSHW,,,,0,0,0,0,0,DIAPRIVVS-VSFG0.13 TO 0.175(IV),2,0.275,64000,11687.5,0,
,,,,,,FG-HIMSHW,,,,0,0,0,0,,AG-18-ROSE,0,4.272,0,9932.39829,0,
COMPANY STOCK,ORDORDREGREG-1168,ORDORDREGREG-1168-1,"22,YELLOW",CORD45887,PMJ&GEMS-B-C-BANJARA HILLS-SHOWROOM,FG-BHSHW,,Singar Santosh R,,1,8.09,7.05,6.486,0,,0,0,0,0,150,10
,,,,,,FG-BHSHW,,,,0,0,0,0,0,BLBMIXMIXBLACKMIX,36,5.2,50,0.00052,0,
,,,,,,FG-BHSHW,,,,0,0,0,0,,AG-22-YELLOW,0,7.05,0,19706.90875,0,
COMPANY STOCK,VCLPNDREGREG-1208,VCLPNDREGREG-1208-1,"22,YELLOW",CPND47704,PMJ&GEMS-B-C-BANJARA HILLS-SHOWROOM,FG-BHSHW,,Kundan craft pvt. ltd. (Karigar),,1,21.07,13.53,12.4476,0,,0,0,0,0,350,10
,,,,,,FG-BHSHW,,,,0,0,0,0,0,POLMIXMIXMIXMIX,1,0.15,22000,8925,0,
,,,,,,FG-BHSHW,,,,0,0,0,0,0,POLMIXMIXMIXMIX,12,1,18000,59500,0,
,,,,,,FG-BHSHW,,,,0,0,0,0,0,RBPMIXMIXREDMIX,10,4.05,3000,14175,0,
,,,,,,FG-BHSHW,,,,0,0,0,0,0,EMEMIXMIXGREENMIX,1,2.05,3400,7175,0,
,,,,,,FG-BHSHW,,,,0,0,0,0,0,PRLMIXMIXMIXMIX,28,1.75,450,612.5,0,
,,,,,,FG-BHSHW,,,,0,0,0,0,0,PATMIXMIXMIXMIX,1,28.7,100,10045,0,
,,,,,,FG-BHSHW,,,,0,0,0,0,,AG-22-YELLOW,0,13.53,0,42564.36525,0,
COMPANY STOCK,MCNACSBCNREG-485,MCNACSBCNREG-485-1,"22,YELLOW",SACS37589,PMJ&GEMS-B-C-BANJARA HILLS-SHOWROOM,FG-BHSHW,,IN HOUSE,,1,1.03,1.03,0.9476,0,,0,0,0,0,0,10
,,,,,,FG-BHSHW,,,,0,0,0,0,,AG-22-YELLOW,0,1.03,0,3277.46,0,
COMPANY STOCK,MCNACSBCNREG-486,MCNACSBCNREG-486-1,"22,YELLOW",SACS37581,PMJ&GEMS-B-C-BANJARA HILLS-SHOWROOM,FG-BHSHW,,IN HOUSE,,1,0.45,0.45,0.414,0,,0,0,0,0,0,10
,,,,,,FG-BHSHW,,,,0,0,0,0,,AG-22-YELLOW,0,0.45,0,1431.9,0,
COMPANY STOCK,MCNACSBCNREG-487,MCNACSBCNREG-487-1,"22,YELLOW",SACS37582,PMJ&GEMS-B-C-BANJARA HILLS-SHOWROOM,FG-BHSHW,,IN HOUSE,,1,0.38,0.38,0.3496,0,,0,0,0,0,0,10
,,,,,,FG-BHSHW,,,,0,0,0,0,,AG-22-YELLOW,0,0.38,0,1209.16,0,
COMPANY STOCK,MCNACSBCNREG-675,MCNACSBCNREG-675-1,"22,YELLOW",SACS47278,PMJ&GEMS-B-C-BANJARA HILLS-SHOWROOM,FG-BHSHW,,IN HOUSE,,1,0.82,0.82,0.7544,0,,0,0,0,0,0,10
,,,,,,FG-BHSHW,,,,0,0,0,0,,AG-22-YELLOW,0,0.82,0,2609.24,0,
COMPANY STOCK,CBTCHNREGREG-669,CBTCHNREGREG-669-1,"22,YELLOW",SCHN37019,PMJ&GEMS-B-C-BANJARA HILLS-SHOWROOM,FG-BHSHW,,MACALUCKSHMI JEWELLERS,,1,37.948,37.948,34.91216,0,,0,0,0,0,0,10
,,,,,,FG-BHSHW,,,,0,0,0,0,,AG-22-YELLOW,0,37.948,0,119381.5619,0,
COMPANY STOCK,ITLCHNREGREG-562,ITLCHNREGREG-562-1,"18,YELLOW",SCHN26165,PMJ&GEMS-B-C-BANJARA HILLS-SHOWROOM,FG-BHSHW,,BIMAL,,1,36.96,36.96,28.0896,0,,0,0,0,0,150,10
,,,,,,FG-BHSHW,,,,0,0,0,0,,AG-18-YELLOW,0,36.96,0,103488,0,
COMPANY STOCK,FNIFNIREGREG-3,FNIFNIREGREG-3-1,"18,YELLOW",SFNI26751,PMJ&GEMS-B-C-BANJARA HILLS-SHOWROOM,FG-BHSHW,,ASHOK DAS - JW,,1,1.51,0.68,0.5168,0,,0,0,0,0,550,10
,,,,,,FG-BHSHW,,,,0,0,0,0,,AG-18-YELLOW,0,0.68,0,1729.2128,0,
,,,,,,FG-BHSHW,,,,0,0,0,0,0,SSPMIXMIXMIXMIX,1,4.1,350,2255,0,
,,,,,,FG-BHSHW,,,,0,0,0,0,0,DIARNDVVSEFMIX,6,0.05,59500,2975,0,
COMPANY STOCK,FCYCHNREGREG-104,FCYCHNREGREG-104-1,"22,YELLOW",SCHN15182,PMJ&GEMS-B-C-BANJARA HILLS-SHOWROOM,FG-BHSHW,,SADHANA GOLD,,1,13.695,13.695,12.5994,0,,0,0,0,0,0,10
,,,,,,FG-BHSHW,,,,0,0,0,0,,AG-22-YELLOW,0,13.695,0,45193.5,0,
COMPANY STOCK,FCYCHNREGREG-91,FCYCHNREGREG-91-1,"22,YELLOW",SCHN15230,PMJ&GEMS-B-C-BANJARA HILLS-SHOWROOM,FG-BHSHW,,SADHANA GOLD,,1,10.125,10.125,9.315,0,,0,0,0,0,0,10
,,,,,,FG-BHSHW,,,,0,0,0,0,,AG-22-YELLOW,0,10.125,0,33412.5,0,
COMPANY STOCK,TMCACSKUMREG-33,TMCACSKUMREG-33-1,"22,YELLOW",SACS15510,PMJ&GEMS-B-C-HIMAYATHNAGAR-SHOWROOM,FG-HIMSHW,,VINATI JEWELLERS,,1,16.143,15.723,14.46516,0,,0,0,0,0,250,10
,,,,,,FG-HIMSHW,,,,0,0,0,0,0,RUBMIXMIXREDMIX,4,1.35,1500,4725,0,
,,,,,,FG-HIMSHW,,,,0,0,0,0,0,EMEMIXMIXGREENMIX,4,0.75,1500,2625,0,
,,,,,,FG-HIMSHW,,,,0,0,0,0,,AG-22-YELLOW,0,15.723,0,48898.53,0,
COMPANY STOCK,TMCACSKUMREG-39,TMCACSKUMREG-39-1,"22,YELLOW",SACS15501,PMJ&GEMS-B-C-HIMAYATHNAGAR-SHOWROOM,FG-HIMSHW,,VINATI JEWELLERS,,1,21.559,21.049,19.36508,0,,0,0,0,0,250,10
,,,,,,FG-HIMSHW,,,,0,0,0,0,,AG-22-YELLOW,0,21.049,0,65462.39,0,
,,,,,,FG-HIMSHW,,,,0,0,0,0,0,EMEMIXMIXGREENMIX,4,1.05,1500,3675,0,
,,,,,,FG-HIMSHW,,,,0,0,0,0,0,RUBMIXMIXREDMIX,14,1.5,1500,5250,0,
COMPANY STOCK,OPNERNREGCDI-1085,OPNERNREGCDI-1085-1,"18,YELLOW",SERN31512,PMJ&GEMS-B-C-HIMAYATHNAGAR-SHOWROOM,FG-HIMSHW,,GOUR MANSHA GHOSH-130,,1,12.63,10.316,7.84016,0,,0,0,0,0,600,10
,,,,,,FG-HIMSHW,,,,0,0,0,0,0,PRLMIXMIXMIXMIX,30,5.75,250,2012.5,0,
,,,,,,FG-HIMSHW,,,,0,0,0,0,0,OTHMIXMIXMIXMIX,2,1.09,1500,1635,0,
,,,,,,FG-HIMSHW,,,,0,0,0,0,0,ONXMIXMIXGREENMIX,8,3.94,1500,5910,0,
,,,,,,FG-HIMSHW,,,,0,0,0,0,,AG-18-YELLOW,0,10.316,0,27009.3512,0,
,,,,,,FG-HIMSHW,,,,0,0,0,0,0,DIARNDVVSEFBELOW01CT,132,0.79,59500,47005,0,
COMPANY STOCK,OPNMATHNGPNT-3102,OPNMATHNGPNT-3102-1,"18,YELLOW",SMAT36938,PMJ&GEMS-B-C-HIMAYATHNAGAR-SHOWROOM,FG-HIMSHW,,ARIHA DIAMOND JEWELLERY PVT LTD.,,1,12.12,9.896,7.52096,0,,0,0,0,0,650,10
,,,,,,FG-HIMSHW,,,,0,0,0,0,0,OTHMIXMIXMIXMIX,2,1.42,1500,355,0,
,,,,,,FG-HIMSHW,,,,0,0,0,0,0,OTHMIXMIXMIXMX,2,1.57,1500,392.5,0,
,,,,,,FG-HIMSHW,,,,0,0,0,0,0,ONXMIXMIXMIXMIX,2,1.03,1500,360.5,0,
,,,,,,FG-HIMSHW,,,,0,0,0,0,0,DIARNDVVSEFMIX,90,0.46,59500,19320,0,
,,,,,,FG-HIMSHW,,,,0,0,0,0,0,DIAMAQVVSEFMIX,8,0.38,59500,19380,0,
,,,,,,FG-HIMSHW,,,,0,0,0,0,,AG-18-YELLOW,0,9.896,0,22909.24,0,
,,,,,,FG-HIMSHW,,,,0,0,0,0,0,PRLMIXBMIXMIX,2,6.26,250,1095.5,0,
COMPANY STOCK,OPNPNDSHKCDI-1671,OPNPNDSHKCDI-1671-1,"18,YELLOW",SPND39493,PMJ&GEMS-B-C-HIMAYATHNAGAR-SHOWROOM,FG-HIMSHW,,MANGAL PATRA (48) - JW,,1,13.08,11.538,8.76888,0,,0,0,0,0,550,10
,,,,,,FG-HIMSHW,,,,0,0,0,0,,AG-18-YELLOW,0,11.538,0,26575.50139,0,
,,,,,,FG-HIMSHW,,,,0,0,0,0,0,OTHMIXMIXMIXMIX,1,0.4,1500,1.12326,0,
,,,,,,FG-HIMSHW,,,,0,0,0,0,0,DIARNDVVSEFMIX,189,1.36,59500,45560,0,
,,,,,,FG-HIMSHW,,,,0,0,0,0,0,PRLMIXMIXMIXMIX,11,5.95,250,5.95,0,
COMPANY STOCK,CLSPNDSHKCDI-1040,CLSPNDSHKCDI-1040-1,"22,YELLOW",SPND39591,PMJ&GEMS-B-C-HIMAYATHNAGAR-SHOWROOM,FG-HIMSHW,,PAMENA CHANDRAKANTH (64) - JW,,1,10.62,10.452,9.61584,0,,0,0,0,0,500,10
,,,,,,FG-HIMSHW,,,,0,0,0,0,,AG-22-YELLOW,0,10.452,0,29238.85547,0,
,,,,,,FG-HIMSHW,,,,0,0,0,0,0,OTHMIXMIXMIXMIX,1,0.15,1500,12.75,0,
,,,,,,FG-HIMSHW,,,,0,0,0,0,0,DIARNDVVSEFMIX,22,0.69,59500,28290,0,
COMPANY STOCK,OPNPNDSHKCDI-2054,OPNPNDSHKCDI-2054-1,"18,YELLOW",SPND39066,PMJ&GEMS-B-C-HIMAYATHNAGAR-SHOWROOM,FG-HIMSHW,,BUBAY GOSH - JW,,1,6.52,5.822,4.42472,0,,0,0,0,0,550,10
,,,,,,FG-HIMSHW,,,,0,0,0,0,0,ONEXMIXMIXREDMIX,1,1,1500,150,0,
,,,,,,FG-HIMSHW,,,,0,0,0,0,0,DIARNDVVSEFMIX,31,0.49,59500,16415,0,
,,,,,,FG-HIMSHW,,,,0,0,0,0,0,OTHMIXMIXMIXMIX,2,2,1500,0,0,
,,,,,,FG-HIMSHW,,,,0,0,0,0,,AG-18-YELLOW,0,5.822,0,13486.54649,0,
COMPANY STOCK,OPNPNDSHKCDI-1661,OPNPNDSHKCDI-1661-1,"18,YELLOW",SPND39524,PMJ&GEMS-B-C-HIMAYATHNAGAR-SHOWROOM,FG-HIMSHW,,MANGAL PATRA (48) - JW,,1,5.01,3.89,2.9564,0,,0,0,0,0,550,10
,,,,,,FG-HIMSHW,,,,0,0,0,0,0,DIARNDVVSEFMIX,61,0.5,59500,16750,0,
,,,,,,FG-HIMSHW,,,,0,0,0,0,0,PRLMIXMIXMIXMIX,1,2.8,250,0,0,
,,,,,,FG-HIMSHW,,,,0,0,0,0,0,OTHMIXMIXMIXMIX,1,2.3,1500,6.45876,0,
,,,,,,FG-HIMSHW,,,,0,0,0,0,,AG-18-YELLOW,0,3.89,0,8959.84576,0,
COMPANY STOCK,OPNPNDSHKCDI-2138,OPNPNDSHKCDI-2138-1,"18,YELLOW",SPND43421,PMJ&GEMS-B-C-HIMAYATHNAGAR-SHOWROOM,FG-HIMSHW,,P & T JEWELLERS & MAKERS (107) - JW,,1,5.87,5.166,3.92616,0,,0,0,0,0,650,10
,,,,,,FG-HIMSHW,,,,0,0,0,0,0,DIAPEAVVSEFMIX,4,0.12,59500,0,0,
,,,,,,FG-HIMSHW,,,,0,0,0,0,0,DIARNDVVSEFMIX,74,0.65,59500,0,0,
,,,,,,FG-HIMSHW,,,,0,0,0,0,0,DIAMAQVVSEFMIX,9,0.34,59500,0,0,
,,,,,,FG-HIMSHW,,,,0,0,0,0,0,ONXMIXMIXMIXMIX,1,2.41,1500,2.41,0,
,,,,,,FG-HIMSHW,,,,0,0,0,0,,AG-18-YELLOW,0,5.166,0,11766.26965,0,
COMPANY STOCK,OPNPNDSHKCDI-2139,OPNPNDSHKCDI-2139-1,"18,YELLOW",SPND43559,PMJ&GEMS-B-C-HIMAYATHNAGAR-SHOWROOM,FG-HIMSHW,,SUPRIYA JEWELS-109,,1,7.78,6.998,5.31848,0,,0,0,0,0,650,10
,,,,,,FG-HIMSHW,,,,0,0,0,0,0,ONXMIXMIXMIXMIX,1,2.72,1500,2.72,0,
,,,,,,FG-HIMSHW,,,,0,0,0,0,0,DIARNDVVSEFMIX,99,0.88,59500,0,0,
,,,,,,FG-HIMSHW,,,,0,0,0,0,0,DIAMAQVVSEFMIX,11,0.31,59500,0,0,
,,,,,,FG-HIMSHW,,,,0,0,0,0,,AG-18-YELLOW,0,6.998,0,15938.89954,0,
COMPANY STOCK,OPNPNDSHKCDI-1979,OPNPNDSHKCDI-1979-1,"18,YELLOW",SPND43660,PMJ&GEMS-B-C-HIMAYATHNAGAR-SHOWROOM,FG-HIMSHW,,MRINAL HARIDAS KAR - 104 - JW,,1,4.49,4.13,3.1388,0,,0,0,0,0,650,10
,,,,,,FG-HIMSHW,,,,0,0,0,0,0,DIARNDVVSEFMIX,35,0.21,59500,0.21,0,
,,,,,,FG-HIMSHW,,,,0,0,0,0,0,DIAPEAVVSEFMIX,7,0.41,59500,0,0,
,,,,,,FG-HIMSHW,,,,0,0,0,0,0,DIAMAQMIXEFMIX,5,0.26,59500,0.26,0,
,,,,,,FG-HIMSHW,,,,0,0,0,0,0,ONXMIXMIXMIXMIX,3,0.92,1500,46.25145,0,
,,,,,,FG-HIMSHW,,,,0,0,0,0,,AG-18-YELLOW,0,4.13,0,9404.65194,0,
COMPANY STOCK,OPNPNDSHKCDI-2198,OPNPNDSHKCDI-2198-1,"18,YELLOW",SPND43915,PMJ&GEMS-B-C-HIMAYATHNAGAR-SHOWROOM,FG-HIMSHW,,NABIN KUMAR HAMBHIR (134) - JW,,1,8.51,7.874,5.98424,0,,0,0,0,0,650,10
,,,,,,FG-HIMSHW,,,,0,0,0,0,,AG-18-YELLOW,0,7.874,0,17929.27345,0,
,,,,,,FG-HIMSHW,,,,0,0,0,0,0,DIARNDVVSEFMIX,45,0.36,59500,0,0,
,,,,,,FG-HIMSHW,,,,0,0,0,0,0,DIAMAQVVSEFMIX,4,0.16,59500,0.16,0,
,,,,,,FG-HIMSHW,,,,0,0,0,0,0,DIAPEAMIXEFMIX,22,0.81,59500,0.81,0,
,,,,,,FG-HIMSHW,,,,0,0,0,0,0,ONXMIXMIXMIXMIX,5,1.85,1500,93.00564,0,
COMPANY STOCK,OPNPNDSHKCDI-2113,OPNPNDSHKCDI-2113-1,"18,YELLOW",SPND43917,PMJ&GEMS-B-C-HIMAYATHNAGAR-SHOWROOM,FG-HIMSHW,,PINTU GHOSH (117) - JW,,1,4.4,4.212,3.20112,0,,0,0,0,0,650,10
,,,,,,FG-HIMSHW,,,,0,0,0,0,0,DIAPEAVVSEFMIX,8,0.28,59500,0,0,
,,,,,,FG-HIMSHW,,,,0,0,0,0,0,DIARNDVVSEFMIX,64,0.22,59500,0,0,
,,,,,,FG-HIMSHW,,,,0,0,0,0,0,ONXMIXMIXMIXMIX,1,0.44,1500,0.44,0,
,,,,,,FG-HIMSHW,,,,0,0,0,0,,AG-18-YELLOW,0,4.212,0,9593.36371,0,
COMPANY STOCK,OPNERNREGFDI-3318,OPNERNREGFDI-3318-1,"18,YELLOW",SERN34283,PMJ&GEMS-B-C-HIMAYATHNAGAR-SHOWROOM,FG-HIMSHW,,PMJ GEMS & JEWELLERS,,1,6.16,6.046,4.59496,0,,0,0,0,0,550,10
,,,,,,FG-HIMSHW,,,,0,0,0,0,0,DIARNDVVSEFMIX,126,0.57,59500,33915,0,
,,,,,,FG-HIMSHW,,,,0,0,0,0,,AG-18-YELLOW,0,6.046,0,16928.8,0,
COMPANY STOCK,OPNERNREGCDI-2803,OPNERNREGCDI-2803-1,"18,YELLOW",SERN35843,PMJ&GEMS-B-C-HIMAYATHNAGAR-SHOWROOM,FG-HIMSHW,,SUVENDU GHOSH (7)-JW,,1,5.06,4.962,3.77112,0,,0,0,0,0,550,10
,,,,,,FG-HIMSHW,,,,0,0,0,0,,AG-18-YELLOW,0,4.962,0,11494.37372,0,
,,,,,,FG-HIMSHW,,,,0,0,0,0,0,DIARNDVVSEFMIX,34,0.49,59500,16415,0,
COMPANY STOCK,SLVRNGREGREG-330,SLVRNGREGREG-330-1,"92,WHITE",SRNG51555,PMJ&GEMS-B-C-BANJARA HILLS-SHOWROOM,FG-BHSHW,,KANTILAL CHHOTALAL,,1,3.7,3.5,0,0,,0,0,0,0,,10
,,,,,,FG-BHSHW,,,,0,0,0,0,,AG92White,0,3.5,0,3.5,0,
,,,,,,FG-BHSHW,,,,0,0,0,0,0,CZSRNDMIXMIXMIX,1,1,,1,0,
COMPANY STOCK,SLVRNGREGREG-370,SLVRNGREGREG-370-1,"92,WHITE",SRNG51497,PMJ&GEMS-B-C-HIMAYATHNAGAR-SHOWROOM,FG-HIMSHW,,KANTILAL CHHOTALAL,,1,5,4.85,0,0,,0,0,0,0,,10
,,,,,,FG-HIMSHW,,,,0,0,0,0,,AG92White,0,4.85,0,4.85,0,
,,,,,,FG-HIMSHW,,,,0,0,0,0,0,CZSRNDMIXMIXMIX,1,0.75,,0.75,0,
COMPANY STOCK,SLVRNGREGREG-205,SLVRNGREGREG-205-1,"92,WHITE",SRNG51574,PMJ&GEMS-B-C-Vizag-SHOWROOM,FINISHED GOODS-VTZSHW,,KANTILAL CHHOTALAL,,1,3.49,2.954,0,0,,0,0,0,0,,10
,,,,,,FINISHED GOODS-VTZSHW,,,,0,0,0,0,0,CZSRNDMIXMIXMIX,43,0.68,,0.68,0,
,,,,,,FINISHED GOODS-VTZSHW,,,,0,0,0,0,,AG92White,0,2.954,0,2.954,0,
,,,,,,FINISHED GOODS-VTZSHW,,,,0,0,0,0,0,CZSRNDMIXMIXMIX,1,2,,2,0,
COMPANY STOCK,SLVRNGREGREG-319,SLVRNGREGREG-319-1,"92,WHITE",SRNG51526,PMJ&GEMS-B-C-HIMAYATHNAGAR-SHOWROOM,FG-HIMSHW,,KANTILAL CHHOTALAL,,1,2.75,2.65,0,0,,0,0,0,0,,10
,,,,,,FG-HIMSHW,,,,0,0,0,0,,AG92White,0,2.65,0,2.65,0,
,,,,,,FG-HIMSHW,,,,0,0,0,0,0,CZSRNDMIXMIXMIX,1,0.5,,0.5,0,
COMPANY STOCK,SLVRNGREGREG-407,SLVRNGREGREG-407-1,"92,WHITE",SRNG50988,PMJ&GEMS-B-C-Vizag-SHOWROOM,FINISHED GOODS-VTZSHW,,KANTILAL CHHOTALAL,,1,2.82,2.682,0,0,,0,0,0,0,,10
,,,,,,FINISHED GOODS-VTZSHW,,,,0,0,0,0,0,CZSRNDMIXMIXMIX,12,0.19,,0.19,0,
,,,,,,FINISHED GOODS-VTZSHW,,,,0,0,0,0,,AG92White,0,2.682,0,2.682,0,
,,,,,,FINISHED GOODS-VTZSHW,,,,0,0,0,0,0,CZSRNDMIXMIXMIX,1,0.5,,0.5,0,
COMPANY STOCK,SLVRNGREGREG-262,SLVRNGREGREG-262-1,"92,WHITE",SRNG51156,PMJ&GEMS-B-C-BANGALORE-SHOWROOM,FINISHED GOODS-BLRSHW,,KANTILAL CHHOTALAL,,1,3.04,2.896,0,0,,0,0,0,0,,10
,,,,,,FINISHED GOODS-BLRSHW,,,,0,0,0,0,0,CZSRNDMIXMIXMIX,22,0.22,,0.22,0,
,,,,,,FINISHED GOODS-BLRSHW,,,,0,0,0,0,,AG92White,0,2.896,0,2.896,0,
,,,,,,FINISHED GOODS-BLRSHW,,,,0,0,0,0,0,CZSRNDMIXMIXMIX,1,0.5,,0.5,0,
COMPANY STOCK,SLVRNGREGREG-249,SLVRNGREGREG-249-1,"92,WHITE",SRNG51300,PMJ&GEMS-B-C-Vizag-SHOWROOM,FINISHED GOODS-VTZSHW,,KANTILAL CHHOTALAL,,1,2.85,2.65,0,0,,0,0,0,0,,10
,,,,,,FINISHED GOODS-VTZSHW,,,,0,0,0,0,,AG92White,0,2.65,0,2.65,0,
,,,,,,FINISHED GOODS-VTZSHW,,,,0,0,0,0,0,CZSRNDMIXMIXMIX,1,1,,1,0,
COMPANY STOCK,SLVRNGREGREG-282,SLVRNGREGREG-282-1,"92,WHITE",SRNG51367,PMJ&GEMS-B-C-BANGALORE-SHOWROOM,FINISHED GOODS-BLRSHW,,KANTILAL CHHOTALAL,,1,3.63,3.424,0,0,,0,0,0,0,,10
,,,,,,FINISHED GOODS-BLRSHW,,,,0,0,0,0,0,CZSRNDMIXMIXMIX,1,0.5,,0.5,0,
,,,,,,FINISHED GOODS-BLRSHW,,,,0,0,0,0,,AG92White,0,3.424,0,3.424,0,
,,,,,,FINISHED GOODS-BLRSHW,,,,0,0,0,0,0,CZSRNDMIXMIXMIX,31,0.53,,0.53,0,
COMPANY STOCK,SLVRNGREGREG-363,SLVRNGREGREG-363-1,"92,WHITE",SRNG51485,PMJ&GEMS-B-C-Vizag-SHOWROOM,FINISHED GOODS-VTZSHW,,KANTILAL CHHOTALAL,,1,2.58,2.422,0,0,,0,0,0,0,,10
,,,,,,FINISHED GOODS-VTZSHW,,,,0,0,0,0,0,CZSRNDMIXMIXMIX,26,0.29,,0.29,0,
,,,,,,FINISHED GOODS-VTZSHW,,,,0,0,0,0,,AG92White,0,2.422,0,2.422,0,
,,,,,,FINISHED GOODS-VTZSHW,,,,0,0,0,0,0,CZSRNDMIXMIXMIX,1,0.5,,0.5,0,
COMPANY STOCK,SLVRNGREGREG-376,SLVRNGREGREG-376-1,"92,WHITE",SRNG51433,PMJ&GEMS-B-C-VIJAYAWADA-SHOWROOM,FG-VIJSHW,,KANTILAL CHHOTALAL,,1,2.49,2.29,0,0,,0,0,0,0,,10
,,,,,,FG-VIJSHW,,,,0,0,0,0,0,CZSRNDMIXMIXMIX,56,0.5,,0.5,0,
,,,,,,FG-VIJSHW,,,,0,0,0,0,,AG92White,0,2.29,0,2.29,0,
,,,,,,FG-VIJSHW,,,,0,0,0,0,0,CZSRNDMIXMIXMIX,1,0.5,,0.5,0,
COMPANY STOCK,SLVRNGREGREG-134,SLVRNGREGREG-134-1,"92,WHITE",SRNG51081,PMJ&GEMS-B-C-Vizag-SHOWROOM,FINISHED GOODS-VTZSHW,,KANTILAL CHHOTALAL,,1,3.03,2.714,0,0,,0,0,0,0,,10
,,,,,,FINISHED GOODS-VTZSHW,,,,0,0,0,0,0,CZSRNDMIXMIXMIX,64,0.58,,0.58,0,
,,,,,,FINISHED GOODS-VTZSHW,,,,0,0,0,0,,AG92White,0,2.714,0,2.714,0,
,,,,,,FINISHED GOODS-VTZSHW,,,,0,0,0,0,0,CZSRNDMIXMIXMIX,1,1,,1,0,
COMPANY STOCK,SLVRNGREGREG-157,SLVRNGREGREG-157-1,"92,WHITE",SRNG51571,PMJ&GEMS-B-C-BANJARA HILLS-SHOWROOM,FG-BHSHW,,KANTILAL CHHOTALAL,,1,3.53,2.994,0,0,,0,0,0,0,,10
,,,,,,FG-BHSHW,,,,0,0,0,0,0,CZSRNDMIXMIXMIX,1,2,,2,0,
,,,,,,FG-BHSHW,,,,0,0,0,0,,AG92White,0,2.994,0,2.994,0,
,,,,,,FG-BHSHW,,,,0,0,0,0,0,CZSRNDMIXMIXMIX,43,0.68,,0.68,0,
COMPANY STOCK,SLVRNGREGREG-160,SLVRNGREGREG-160-1,"92,WHITE",SRNG51486,PMJ&GEMS-B-C-Vizag-SHOWROOM,FINISHED GOODS-VTZSHW,,KANTILAL CHHOTALAL,,1,3.14,2.864,0,0,,0,0,0,0,,10
,,,,,,FINISHED GOODS-VTZSHW,,,,0,0,0,0,0,CZSRNDMIXMIXMIX,26,0.38,,0.38,0,
,,,,,,FINISHED GOODS-VTZSHW,,,,0,0,0,0,,AG92White,0,2.864,0,2.864,0,
,,,,,,FINISHED GOODS-VTZSHW,,,,0,0,0,0,0,CZSRNDMIXMIXMIX,1,1,,1,0,
COMPANY STOCK,SLVRNGREGREG-402,SLVRNGREGREG-402-1,"92,WHITE",SRNG51060,PMJ&GEMS-B-C-Vizag-SHOWROOM,FINISHED GOODS-VTZSHW,,KANTILAL CHHOTALAL,,1,4.18,3.908,0,0,,0,0,0,0,,10
,,,,,,FINISHED GOODS-VTZSHW,,,,0,0,0,0,0,CZSRNDMIXMIXMIX,42,0.36,,0.36,0,
,,,,,,FINISHED GOODS-VTZSHW,,,,0,0,0,0,,AG92White,0,3.908,0,3.908,0,
,,,,,,FINISHED GOODS-VTZSHW,,,,0,0,0,0,0,CZSRNDMIXMIXMIX,1,1,,1,0,
COMPANY STOCK,SLVRNGREGREG-373,SLVRNGREGREG-373-1,"92,WHITE",SRNG51327,PMJ&GEMS-B-C-HIMAYATHNAGAR-SHOWROOM,FG-HIMSHW,,KANTILAL CHHOTALAL,,1,3.26,2.842,0,0,,0,0,0,0,,10
,,,,,,FG-HIMSHW,,,,0,0,0,0,0,CZSRNDMIXMIXMIX,1,1.5,,1.5,0,
,,,,,,FG-HIMSHW,,,,0,0,0,0,,AG92White,0,2.842,0,2.842,0,
,,,,,,FG-HIMSHW,,,,0,0,0,0,0,CZSRNDMIXMIXMIX,83,0.59,,0.59,0,
COMPANY STOCK,SLVRNGREGREG-110,SLVRNGREGREG-110-1,"92,WHITE",SRNG51174,PMJ&GEMS-B-C-BANGALORE-SHOWROOM,FINISHED GOODS-BLRSHW,,KANTILAL CHHOTALAL,,1,2.89,2.69,0,0,,0,0,0,0,,10
,,,,,,FINISHED GOODS-BLRSHW,,,,0,0,0,0,,AG92White,0,2.69,0,2.69,0,
,,,,,,FINISHED GOODS-BLRSHW,,,,0,0,0,0,0,CZSRNDMIXMIXMIX,1,1,,1,0,
COMPANY STOCK,SLVRNGREGREG-302,SLVRNGREGREG-302-1,"92,WHITE",SRNG50990,PMJ&GEMS-B-C-BANGALORE-SHOWROOM,FINISHED GOODS-BLRSHW,,KANTILAL CHHOTALAL,,1,2.63,2.404,0,0,,0,0,0,0,,10
,,,,,,FINISHED GOODS-BLRSHW,,,,0,0,0,0,0,CZSRNDMIXMIXMIX,30,0.33,,0.33,0,
,,,,,,FINISHED GOODS-BLRSHW,,,,0,0,0,0,,AG92White,0,2.404,0,2.404,0,
,,,,,,FINISHED GOODS-BLRSHW,,,,0,0,0,0,0,CZSRNDMIXMIXMIX,1,0.8,,0.8,0,
COMPANY STOCK,SLVRNGREGREG-126,SLVRNGREGREG-126-1,"92,WHITE",SRNG50964,PMJ&GEMS-B-C-BANGALORE-SHOWROOM,FINISHED GOODS-BLRSHW,,KANTILAL CHHOTALAL,,1,3.29,3.096,0,0,,0,0,0,0,,10
,,,,,,FINISHED GOODS-BLRSHW,,,,0,0,0,0,,AG92White,0,3.096,0,3.096,0,
,,,,,,FINISHED GOODS-BLRSHW,,,,0,0,0,0,0,CZSRNDMIXMIXMIX,1,0.97,,0.97,0,
COMPANY STOCK,SLVRNGREGREG-218,SLVRNGREGREG-218-1,"92,WHITE",SRNG51073,PMJ&GEMS-B-C-HIMAYATHNAGAR-SHOWROOM,FG-HIMSHW,,KANTILAL CHHOTALAL,,1,3.14,2.94,0,0,,0,0,0,0,,10
,,,,,,FG-HIMSHW,,,,0,0,0,0,,AG92White,0,2.94,0,2.94,0,
,,,,,,FG-HIMSHW,,,,0,0,0,0,0,CZSRNDMIXMIXMIX,1,1,,1,0,
COMPANY STOCK,SLVRNGREGREG-237,SLVRNGREGREG-237-1,"92,WHITE",SRNG51031,PMJ&GEMS-B-C-BANGALORE-SHOWROOM,FINISHED GOODS-BLRSHW,,KANTILAL CHHOTALAL,,1,5.52,5.186,0,0,,0,0,0,0,,10
,,,,,,FINISHED GOODS-BLRSHW,,,,0,0,0,0,0,CZSRNDMIXMIXMIX,1,0.75,,0.75,0,
,,,,,,FINISHED GOODS-BLRSHW,,,,0,0,0,0,,AG92White,0,5.186,0,5.186,0,
,,,,,,FINISHED GOODS-BLRSHW,,,,0,0,0,0,0,CZSRNDMIXMIXMIX,135,0.92,,0.92,0,
COMPANY STOCK,SLVRNGREGREG-260,SLVRNGREGREG-260-1,"92,WHITE",SRNG51155,PMJ&GEMS-B-C-BANGALORE-SHOWROOM,FINISHED GOODS-BLRSHW,,KANTILAL CHHOTALAL,,1,2.71,2.61,0,0,,0,0,0,0,,10
,,,,,,FINISHED GOODS-BLRSHW,,,,0,0,0,0,,AG92White,0,2.61,0,2.61,0,
,,,,,,FINISHED GOODS-BLRSHW,,,,0,0,0,0,0,CZSRNDMIXMIXMIX,1,0.5,,0.5,0,
COMPANY STOCK,SLVRNGREGREG-296,SLVRNGREGREG-296-1,"92,WHITE",SRNG51580,PMJ&GEMS-B-C-VIJAYAWADA-SHOWROOM,FG-VIJSHW,,KANTILAL CHHOTALAL,,1,8.36,8.26,0,0,,0,0,0,0,,10
,,,,,,FG-VIJSHW,,,,0,0,0,0,,AG92White,0,8.26,0,8.26,0,
,,,,,,FG-VIJSHW,,,,0,0,0,0,0,CZSRNDMIXMIXMIX,1,0.5,,0.5,0,
COMPANY STOCK,SLVRNGREGREG-142,SLVRNGREGREG-142-1,"92,WHITE",SRNG51461,PMJ&GEMS-B-C-HIMAYATHNAGAR-SHOWROOM,FG-HIMSHW,,KANTILAL CHHOTALAL,,1,2.83,2.728,0,0,,0,0,0,0,,10
,,,,,,FG-HIMSHW,,,,0,0,0,0,,AG92White,0,2.728,0,2.728,0,
,,,,,,FG-HIMSHW,,,,0,0,0,0,0,CZSRNDMIXMIXMIX,1,0.51,,0.51,0,
COMPANY STOCK,SLVRNGREGREG-162,SLVRNGREGREG-162-1,"92,WHITE",SRNG51310,PMJ&GEMS-B-C-BANGALORE-SHOWROOM,FINISHED GOODS-BLRSHW,,KANTILAL CHHOTALAL,,1,2.97,2.858,0,0,,0,0,0,0,,10
,,,,,,FINISHED GOODS-BLRSHW,,,,0,0,0,0,0,CZSRNDMIXMIXMIX,2,0.06,,0.06,0,
,,,,,,FINISHED GOODS-BLRSHW,,,,0,0,0,0,,AG92White,0,2.858,0,2.858,0,
,,,,,,FINISHED GOODS-BLRSHW,,,,0,0,0,0,0,CZSRNDMIXMIXMIX,1,0.5,,0.5,0,
COMPANY STOCK,SLVRNGREGREG-366,SLVRNGREGREG-366-1,"92,WHITE",SRNG50962,PMJ&GEMS-B-C-BANGALORE-SHOWROOM,FINISHED GOODS-BLRSHW,,KANTILAL CHHOTALAL,,1,3.95,3.678,0,0,,0,0,0,0,,10
,,,,,,FINISHED GOODS-BLRSHW,,,,0,0,0,0,0,CZSRNDMIXMIXMIX,1,1,,1,0,
,,,,,,FINISHED GOODS-BLRSHW,,,,0,0,0,0,,AG92White,0,3.678,0,3.678,0,
,,,,,,FINISHED GOODS-BLRSHW,,,,0,0,0,0,0,CZSRNDMIXMIXMIX,42,0.36,,0.36,0,
COMPANY STOCK,SLVRNGREGREG-115,SLVRNGREGREG-115-1,"92,WHITE",SRNG51187,PMJ&GEMS-B-C-BANJARA HILLS-SHOWROOM,FG-BHSHW,,KANTILAL CHHOTALAL,,1,8.16,8.06,0,0,,0,0,0,0,,10
,,,,,,FG-BHSHW,,,,0,0,0,0,,AG92White,0,8.06,0,8.06,0,
,,,,,,FG-BHSHW,,,,0,0,0,0,0,CZSRNDMIXMIXMIX,1,0.5,,0.5,0,
COMPANY STOCK,SLVRNGREGREG-354,SLVRNGREGREG-354-1,"92,WHITE",SRNG51183,PMJ&GEMS-B-C-VIJAYAWADA-SHOWROOM,FG-VIJSHW,,KANTILAL CHHOTALAL,,1,3.02,2.908,0,0,,0,0,0,0,,10
,,,,,,FG-VIJSHW,,,,0,0,0,0,0,CZSRNDMIXMIXMIX,1,0.5,,0.5,0,
,,,,,,FG-VIJSHW,,,,0,0,0,0,0,CZSRNDMIXMIXMIX,2,0.06,,0.06,0,
,,,,,,FG-VIJSHW,,,,0,0,0,0,,AG92White,0,2.908,0,2.908,0,
COMPANY STOCK,SLVRNGREGREG-348,SLVRNGREGREG-348-1,"92,WHITE",SRNG51434,PMJ&GEMS-B-C-BANJARA HILLS-SHOWROOM,FG-BHSHW,,KANTILAL CHHOTALAL,,1,2.54,2.382,0,0,,0,0,0,0,,10
,,,,,,FG-BHSHW,,,,0,0,0,0,0,CZSRNDMIXMIXMIX,1,0.5,,0.5,0,
,,,,,,FG-BHSHW,,,,0,0,0,0,,AG92White,0,2.382,0,2.382,0,
,,,,,,FG-BHSHW,,,,0,0,0,0,0,CZSRNDMIXMIXMIX,26,0.29,,0.29,0,
COMPANY STOCK,SLVRNGREGREG-273,SLVRNGREGREG-273-1,"92,WHITE",SRNG51521,PMJ&GEMS-B-C-Vizag-SHOWROOM,FINISHED GOODS-VTZSHW,,KANTILAL CHHOTALAL,,1,2.31,2.142,0,0,,0,0,0,0,,10
,,,,,,FINISHED GOODS-VTZSHW,,,,0,0,0,0,0,CZSRNDMIXMIXMIX,56,0.34,,0.34,0,
,,,,,,FINISHED GOODS-VTZSHW,,,,0,0,0,0,,AG92White,0,2.142,0,2.142,0,
,,,,,,FINISHED GOODS-VTZSHW,,,,0,0,0,0,0,CZSRNDMIXMIXMIX,1,0.5,,0.5,0,
COMPANY STOCK,SLVRNGREGREG-141,SLVRNGREGREG-141-1,"92,WHITE",SRNG51365,PMJ&GEMS-B-C-HIMAYATHNAGAR-SHOWROOM,FG-HIMSHW,,KANTILAL CHHOTALAL,,1,3.21,3.11,0,0,,0,0,0,0,,10
,,,,,,FG-HIMSHW,,,,0,0,0,0,,AG92White,0,3.11,0,3.11,0,
,,,,,,FG-HIMSHW,,,,0,0,0,0,0,CZSRNDMIXMIXMIX,1,0.5,,0.5,0,
COMPANY STOCK,SLVRNGREGREG-353,SLVRNGREGREG-353-1,"92,WHITE",SRNG51006,PMJ&GEMS-B-C-Vizag-SHOWROOM,FINISHED GOODS-VTZSHW,,KANTILAL CHHOTALAL,,1,2.94,2.84,0,0,,0,0,0,0,,10
,,,,,,FINISHED GOODS-VTZSHW,,,,0,0,0,0,,AG92White,0,2.84,0,2.84,0,
,,,,,,FINISHED GOODS-VTZSHW,,,,0,0,0,0,0,CZSRNDMIXMIXMIX,1,0.5,,0.5,0,
COMPANY STOCK,SLVRNGREGREG-238,SLVRNGREGREG-238-1,"92,WHITE",SRNG51545,PMJ&GEMS-B-C-BANJARA HILLS-SHOWROOM,FG-BHSHW,,KANTILAL CHHOTALAL,,1,3.83,3.59,0,0,,0,0,0,0,,10
,,,,,,FG-BHSHW,,,,0,0,0,0,,AG92White,0,3.59,0,3.59,0,
,,,,,,FG-BHSHW,,,,0,0,0,0,0,CZSRNDMIXMIXMIX,1,1.2,,1.2,0,
COMPANY STOCK,SLVRNGREGREG-276,SLVRNGREGREG-276-1,"92,WHITE",SRNG51525,PMJ&GEMS-B-C-BANJARA HILLS-SHOWROOM,FG-BHSHW,,KANTILAL CHHOTALAL,,1,3.93,3.632,0,0,,0,0,0,0,,10
,,,,,,FG-BHSHW,,,,0,0,0,0,0,CZSRNDMIXMIXMIX,1,1,,1,0,
,,,,,,FG-BHSHW,,,,0,0,0,0,,AG92White,0,3.632,0,3.632,0,
,,,,,,FG-BHSHW,,,,0,0,0,0,0,CZSRNDMIXMIXMIX,64,0.49,,0.49,0,
COMPANY STOCK,SLVRNGREGREG-293,SLVRNGREGREG-293-1,"92,WHITE",SRNG51052,PMJ&GEMS-B-C-Vizag-SHOWROOM,FINISHED GOODS-VTZSHW,,KANTILAL CHHOTALAL,,1,3.2,3.02,0,0,,0,0,0,0,,10
,,,,,,FINISHED GOODS-VTZSHW,,,,0,0,0,0,0,CZSRNDMIXMIXMIX,1,0.7,,0.7,0,
,,,,,,FINISHED GOODS-VTZSHW,,,,0,0,0,0,,AG92White,0,3.02,0,3.02,0,
,,,,,,FINISHED GOODS-VTZSHW,,,,0,0,0,0,0,CZSRNDMIXMIXMIX,18,0.2,,0.2,0,
COMPANY STOCK,SLVRNGREGREG-349,SLVRNGREGREG-349-1,"92,WHITE",SRNG51165,PMJ&GEMS-B-C-Vizag-SHOWROOM,FINISHED GOODS-VTZSHW,,KANTILAL CHHOTALAL,,1,2.84,2.738,0,0,,0,0,0,0,,10
,,,,,,FINISHED GOODS-VTZSHW,,,,0,0,0,0,,AG92White,0,2.738,0,2.738,0,
,,,,,,FINISHED GOODS-VTZSHW,,,,0,0,0,0,0,CZSRNDMIXMIXMIX,1,0.51,,0.51,0,
COMPANY STOCK,SLVRNGREGREG-179,SLVRNGREGREG-179-1,"92,WHITE",SRNG51438,PMJ&GEMS-B-C-VIJAYAWADA-SHOWROOM,FG-VIJSHW,,KANTILAL CHHOTALAL,,1,3.12,2.916,0,0,,0,0,0,0,,10
,,,,,,FG-VIJSHW,,,,0,0,0,0,0,CZSRNDMIXMIXMIX,18,0.22,,0.22,0,
,,,,,,FG-VIJSHW,,,,0,0,0,0,,AG92White,0,2.916,0,2.916,0,
,,,,,,FG-VIJSHW,,,,0,0,0,0,0,CZSRNDMIXMIXMIX,1,0.8,,0.8,0,
COMPANY STOCK,SLVRNGREGREG-342,SLVRNGREGREG-342-1,"92,WHITE",SRNG50981,PMJ&GEMS-B-C-BANGALORE-SHOWROOM,FINISHED GOODS-BLRSHW,,KANTILAL CHHOTALAL,,1,4.58,4.48,0,0,,0,0,0,0,,10
,,,,,,FINISHED GOODS-BLRSHW,,,,0,0,0,0,,AG92White,0,4.48,0,4.48,0,
,,,,,,FINISHED GOODS-BLRSHW,,,,0,0,0,0,0,CZSRNDMIXMIXMIX,1,0.5,,0.5,0,
COMPANY STOCK,SLVRNGREGREG-163,SLVRNGREGREG-163-1,"92,WHITE",SRNG51315,PMJ&GEMS-B-C-HIMAYATHNAGAR-SHOWROOM,FG-HIMSHW,,KANTILAL CHHOTALAL,,1,3.01,2.91,0,0,,0,0,0,0,,10
,,,,,,FG-HIMSHW,,,,0,0,0,0,,AG92White,0,2.91,0,2.91,0,
,,,,,,FG-HIMSHW,,,,0,0,0,0,0,CZSRNDMIXMIXMIX,1,0.5,,0.5,0,
COMPANY STOCK,SLVRNGREGREG-180,SLVRNGREGREG-180-1,"92,WHITE",SRNG50887,PMJ&GEMS-B-C-VIJAYAWADA-SHOWROOM,FG-VIJSHW,,KANTILAL CHHOTALAL,,1,5.87,5.67,0,0,,0,0,0,0,,10
,,,,,,FG-VIJSHW,,,,0,0,0,0,,AG92White,0,5.67,0,5.67,0,
,,,,,,FG-VIJSHW,,,,0,0,0,0,0,CZSRNDMIXMIXMIX,1,1,,1,0,
COMPANY STOCK,SLVRNGREGREG-275,SLVRNGREGREG-275-1,"92,WHITE",SRNG51016,PMJ&GEMS-B-C-VIJAYAWADA-SHOWROOM,FG-VIJSHW,,KANTILAL CHHOTALAL,,1,3.28,3.062,0,0,,0,0,0,0,,10
,,,,,,FG-VIJSHW,,,,0,0,0,0,0,CZSRNDMIXMIXMIX,1,1,,1,0,
,,,,,,FG-VIJSHW,,,,0,0,0,0,,AG92White,0,3.062,0,3.062,0,
,,,,,,FG-VIJSHW,,,,0,0,0,0,0,CZSRNDMIXMIXMIX,22,0.09,,0.09,0,
COMPANY STOCK,SLVRNGREGREG-156,SLVRNGREGREG-156-1,"92,WHITE",SRNG51130,PMJ&GEMS-B-C-Vizag-SHOWROOM,FINISHED GOODS-VTZSHW,,KANTILAL CHHOTALAL,,1,3.18,2.948,0,0,,0,0,0,0,,10
,,,,,,FINISHED GOODS-VTZSHW,,,,0,0,0,0,0,CZSRNDMIXMIXMIX,12,0.36,,0.36,0,
,,,,,,FINISHED GOODS-VTZSHW,,,,0,0,0,0,,AG92White,0,2.948,0,2.948,0,
,,,,,,FINISHED GOODS-VTZSHW,,,,0,0,0,0,0,CZSRNDMIXMIXMIX,1,0.8,,0.8,0,
COMPANY STOCK,SLVRNGREGREG-331,SLVRNGREGREG-331-1,"92,WHITE",SRNG50933,PMJ&GEMS-B-C-BANJARA HILLS-SHOWROOM,FG-BHSHW,,KANTILAL CHHOTALAL,,1,3.01,2.898,0,0,,0,0,0,0,,10
,,,,,,FG-BHSHW,,,,0,0,0,0,0,CZSRNDMIXMIXMIX,1,0.5,,0.5,0,
,,,,,,FG-BHSHW,,,,0,0,0,0,,AG92White,0,2.898,0,2.898,0,
,,,,,,FG-BHSHW,,,,0,0,0,0,0,CZSRNDMIXMIXMIX,2,0.06,,0.06,0,
COMPANY STOCK,SLVRNGREGREG-344,SLVRNGREGREG-344-1,"92,WHITE",SRNG51584,PMJ&GEMS-B-C-BANGALORE-SHOWROOM,FINISHED GOODS-BLRSHW,,KANTILAL CHHOTALAL,,1,3.15,2.914,0,0,,0,0,0,0,,10
,,,,,,FINISHED GOODS-BLRSHW,,,,0,0,0,0,0,CZSRNDMIXMIXMIX,12,0.68,,0.68,0,
,,,,,,FINISHED GOODS-BLRSHW,,,,0,0,0,0,,AG92White,0,2.914,0,2.914,0,
,,,,,,FINISHED GOODS-BLRSHW,,,,0,0,0,0,0,CZSRNDMIXMIXMIX,1,0.5,,0.5,0,
COMPANY STOCK,SLVRNGREGREG-259,SLVRNGREGREG-259-1,"92,WHITE",SRNG51503,PMJ&GEMS-B-C-BANGALORE-SHOWROOM,FINISHED GOODS-BLRSHW,,KANTILAL CHHOTALAL,,1,3.27,2.852,0,0,,0,0,0,0,,10
,,,,,,FINISHED GOODS-BLRSHW,,,,0,0,0,0,0,CZSRNDMIXMIXMIX,83,0.59,,0.59,0,
,,,,,,FINISHED GOODS-BLRSHW,,,,0,0,0,0,,AG92White,0,2.852,0,2.852,0,
,,,,,,FINISHED GOODS-BLRSHW,,,,0,0,0,0,0,CZSRNDMIXMIXMIX,1,1.5,,1.5,0,
COMPANY STOCK,SLVRNGREGREG-387,SLVRNGREGREG-387-1,"92,WHITE",SRNG51456,PMJ&GEMS-B-C-HIMAYATHNAGAR-SHOWROOM,FG-HIMSHW,,KANTILAL CHHOTALAL,,1,4.8,4.7,0,0,,0,0,0,0,,10
,,,,,,FG-HIMSHW,,,,0,0,0,0,,AG92White,0,4.7,0,4.7,0,
,,,,,,FG-HIMSHW,,,,0,0,0,0,0,CZSRNDMIXMIXMIX,1,0.5,,0.5,0,
COMPANY STOCK,SLVRNGREGREG-288,SLVRNGREGREG-288-1,"92,WHITE",SRNG51129,PMJ&GEMS-B-C-BANGALORE-SHOWROOM,FINISHED GOODS-BLRSHW,,KANTILAL CHHOTALAL,,1,3.7,3.164,0,0,,0,0,0,0,,10
,,,,,,FINISHED GOODS-BLRSHW,,,,0,0,0,0,0,CZSRNDMIXMIXMIX,1,2,,2,0,
,,,,,,FINISHED GOODS-BLRSHW,,,,0,0,0,0,,AG92White,0,3.164,0,3.164,0,
,,,,,,FINISHED GOODS-BLRSHW,,,,0,0,0,0,0,CZSRNDMIXMIXMIX,43,0.68,,0.68,0,
COMPANY STOCK,SLVRNGREGREG-239,SLVRNGREGREG-239-1,"92,WHITE",SRNG51197,PMJ&GEMS-B-C-BANJARA HILLS-SHOWROOM,FG-BHSHW,,KANTILAL CHHOTALAL,,1,2.8,2.698,0,0,,0,0,0,0,,10
,,,,,,FG-BHSHW,,,,0,0,0,0,,AG92White,0,2.698,0,2.698,0,
,,,,,,FG-BHSHW,,,,0,0,0,0,0,CZSRNDMIXMIXMIX,1,0.51,,0.51,0,
COMPANY STOCK,SLVRNGREGREG-303,SLVRNGREGREG-303-1,"92,WHITE",SRNG51506,PMJ&GEMS-B-C-BANGALORE-SHOWROOM,FINISHED GOODS-BLRSHW,,KANTILAL CHHOTALAL,,1,2.36,2.192,0,0,,0,0,0,0,,10
,,,,,,FINISHED GOODS-BLRSHW,,,,0,0,0,0,0,CZSRNDMIXMIXMIX,1,0.5,,0.5,0,
,,,,,,FINISHED GOODS-BLRSHW,,,,0,0,0,0,,AG92White,0,2.192,0,2.192,0,
,,,,,,FINISHED GOODS-BLRSHW,,,,0,0,0,0,0,CZSRNDMIXMIXMIX,56,0.34,,0.34,0,
COMPANY STOCK,SLVRNGREGREG-264,SLVRNGREGREG-264-1,"92,WHITE",SRNG51071,PMJ&GEMS-B-C-VIJAYAWADA-SHOWROOM,FG-VIJSHW,,KANTILAL CHHOTALAL,,1,3.71,3.51,0,0,,0,0,0,0,,10
,,,,,,FG-VIJSHW,,,,0,0,0,0,,AG92White,0,3.51,0,3.51,0,
,,,,,,FG-VIJSHW,,,,0,0,0,0,0,CZSRNDMIXMIXMIX,1,1,,1,0,
COMPANY STOCK,SLVRNGREGREG-393,SLVRNGREGREG-393-1,"92,WHITE",SRNG51121,PMJ&GEMS-B-C-BANGALORE-SHOWROOM,FINISHED GOODS-BLRSHW,,KANTILAL CHHOTALAL,,1,2.68,2.456,0,0,,0,0,0,0,,10
,,,,,,FINISHED GOODS-BLRSHW,,,,0,0,0,0,0,CZSRNDMIXMIXMIX,1,0.75,,0.75,0,
,,,,,,FINISHED GOODS-BLRSHW,,,,0,0,0,0,0,CZSRNDMIXMIXMIX,48,0.37,,0.37,0,
,,,,,,FINISHED GOODS-BLRSHW,,,,0,0,0,0,,AG92White,0,2.456,0,2.456,0,
COMPANY STOCK,SLVRNGREGREG-225,SLVRNGREGREG-225-1,"92,WHITE",SRNG50885,PMJ&GEMS-B-C-BANJARA HILLS-SHOWROOM,FG-BHSHW,,KANTILAL CHHOTALAL,,1,1.95,1.85,0,0,,0,0,0,0,,10
,,,,,,FG-BHSHW,,,,0,0,0,0,,AG92White,0,1.85,0,1.85,0,
,,,,,,FG-BHSHW,,,,0,0,0,0,0,CZSRNDMIXMIXMIX,1,0.5,,0.5,0,
COMPANY STOCK,SLVRNGREGREG-247,SLVRNGREGREG-247-1,"92,WHITE",SRNG51389,PMJ&GEMS-B-C-HIMAYATHNAGAR-SHOWROOM,FG-HIMSHW,,KANTILAL CHHOTALAL,,1,3.35,2.932,0,0,,0,0,0,0,,10
,,,,,,FG-HIMSHW,,,,0,0,0,0,0,CZSRNDMIXMIXMIX,83,0.59,,0.59,0,
,,,,,,FG-HIMSHW,,,,0,0,0,0,,AG92White,0,2.932,0,2.932,0,
,,,,,,FG-HIMSHW,,,,0,0,0,0,0,CZSRNDMIXMIXMIX,1,1.5,,1.5,0,
COMPANY STOCK,SLVRNGREGREG-270,SLVRNGREGREG-270-1,"92,WHITE",SRNG51178,PMJ&GEMS-B-C-BANJARA HILLS-SHOWROOM,FG-BHSHW,,KANTILAL CHHOTALAL,,1,3.21,2.978,0,0,,0,0,0,0,,10
,,,,,,FG-BHSHW,,,,0,0,0,0,0,CZSRNDMIXMIXMIX,1,0.8,,0.8,0,
,,,,,,FG-BHSHW,,,,0,0,0,0,,AG92White,0,2.978,0,2.978,0,
,,,,,,FG-BHSHW,,,,0,0,0,0,0,CZSRNDMIXMIXMIX,12,0.36,,0.36,0,
COMPANY STOCK,SLVRNGREGREG-274,SLVRNGREGREG-274-1,"92,WHITE",SRNG51015,PMJ&GEMS-B-C-VIJAYAWADA-SHOWROOM,FG-VIJSHW,,KANTILAL CHHOTALAL,,1,3.7,3.46,0,0,,0,0,0,0,,10
,,,,,,FG-VIJSHW,,,,0,0,0,0,,AG92White,0,3.46,0,3.46,0,
,,,,,,FG-VIJSHW,,,,0,0,0,0,0,CZSRNDMIXMIXMIX,1,1.2,,1.2,0,
COMPANY STOCK,SLVRNGREGREG-174,SLVRNGREGREG-174-1,"92,WHITE",SRNG51337,PMJ&GEMS-B-C-VIJAYAWADA-SHOWROOM,FG-VIJSHW,,KANTILAL CHHOTALAL,,1,2.62,2.394,0,0,,0,0,0,0,,10
,,,,,,FG-VIJSHW,,,,0,0,0,0,,AG92White,0,2.394,0,2.394,0,
,,,,,,FG-VIJSHW,,,,0,0,0,0,0,CZSRNDMIXMIXMIX,1,0.8,,0.8,0,
,,,,,,FG-VIJSHW,,,,0,0,0,0,0,CZSRNDMIXMIXMIX,30,0.33,,0.33,0,
COMPANY STOCK,SLVRNGREGREG-278,SLVRNGREGREG-278-1,"92,WHITE",SRNG51106,PMJ&GEMS-B-C-HIMAYATHNAGAR-SHOWROOM,FG-HIMSHW,,KANTILAL CHHOTALAL,,1,5.61,5.276,0,0,,0,0,0,0,,10
,,,,,,FG-HIMSHW,,,,0,0,0,0,0,CZSRNDMIXMIXMIX,1,0.75,,0.75,0,
,,,,,,FG-HIMSHW,,,,0,0,0,0,,AG92White,0,5.276,0,5.276,0,
,,,,,,FG-HIMSHW,,,,0,0,0,0,0,CZSRNDMIXMIXMIX,135,0.92,,0.92,0,
COMPANY STOCK,SLVRNGREGREG-364,SLVRNGREGREG-364-1,"92,WHITE",SRNG51399,PMJ&GEMS-B-C-Vizag-SHOWROOM,FINISHED GOODS-VTZSHW,,KANTILAL CHHOTALAL,,1,3.57,3.364,0,0,,0,0,0,0,,10
,,,,,,FINISHED GOODS-VTZSHW,,,,0,0,0,0,0,CZSRNDMIXMIXMIX,31,0.53,,0.53,0,
,,,,,,FINISHED GOODS-VTZSHW,,,,0,0,0,0,,AG92White,0,3.364,0,3.364,0,
,,,,,,FINISHED GOODS-VTZSHW,,,,0,0,0,0,0,CZSRNDMIXMIXMIX,1,0.5,,0.5,0,
COMPANY STOCK,SLVRNGREGREG-312,SLVRNGREGREG-312-1,"92,WHITE",SRNG51084,PMJ&GEMS-B-C-BANJARA HILLS-SHOWROOM,FG-BHSHW,,KANTILAL CHHOTALAL,,1,4.67,4.392,0,0,,0,0,0,0,,10
,,,,,,FG-BHSHW,,,,0,0,0,0,0,CZSRNDMIXMIXMIX,1,0.65,,0.65,0,
,,,,,,FG-BHSHW,,,,0,0,0,0,,AG92White,0,4.392,0,4.392,0,
,,,,,,FG-BHSHW,,,,0,0,0,0,0,CZSRNDMIXMIXMIX,45,0.74,,0.74,0,
COMPANY STOCK,SLVRNGREGREG-121,SLVRNGREGREG-121-1,"92,WHITE",SRNG51124,PMJ&GEMS-B-C-BANGALORE-SHOWROOM,FINISHED GOODS-BLRSHW,,KANTILAL CHHOTALAL,,1,3.29,3.086,0,0,,0,0,0,0,,10
,,,,,,FINISHED GOODS-BLRSHW,,,,0,0,0,0,0,CZSRNDMIXMIXMIX,1,0.8,,0.8,0,
,,,,,,FINISHED GOODS-BLRSHW,,,,0,0,0,0,,AG92White,0,3.086,0,3.086,0,
,,,,,,FINISHED GOODS-BLRSHW,,,,0,0,0,0,0,CZSRNDMIXMIXMIX,18,0.22,,0.22,0,
COMPANY STOCK,SLVRNGREGREG-360,SLVRNGREGREG-360-1,"92,WHITE",SRNG51032,PMJ&GEMS-B-C-VIJAYAWADA-SHOWROOM,FG-VIJSHW,,KANTILAL CHHOTALAL,,1,3.21,2.894,0,0,,0,0,0,0,,10
,,,,,,FG-VIJSHW,,,,0,0,0,0,0,CZSRNDMIXMIXMIX,1,1,,1,0,
,,,,,,FG-VIJSHW,,,,0,0,0,0,,AG92White,0,2.894,0,2.894,0,
,,,,,,FG-VIJSHW,,,,0,0,0,0,0,CZSRNDMIXMIXMIX,64,0.58,,0.58,0,
COMPANY STOCK,SLVRNGREGREG-148,SLVRNGREGREG-148-1,"92,WHITE",SRNG51556,PMJ&GEMS-B-C-BANJARA HILLS-SHOWROOM,FG-BHSHW,,KANTILAL CHHOTALAL,,1,3.17,2.966,0,0,,0,0,0,0,,10
,,,,,,FG-BHSHW,,,,0,0,0,0,0,CZSRNDMIXMIXMIX,18,0.22,,0.22,0,
,,,,,,FG-BHSHW,,,,0,0,0,0,,AG92White,0,2.966,0,2.966,0,
,,,,,,FG-BHSHW,,,,0,0,0,0,0,CZSRNDMIXMIXMIX,1,0.8,,0.8,0,
COMPANY STOCK,SLVRNGREGREG-251,SLVRNGREGREG-251-1,"92,WHITE",SRNG50950,PMJ&GEMS-B-C-HIMAYATHNAGAR-SHOWROOM,FG-HIMSHW,,KANTILAL CHHOTALAL,,1,3.06,2.86,0,0,,0,0,0,0,,10
,,,,,,FG-HIMSHW,,,,0,0,0,0,,AG92White,0,2.86,0,2.86,0,
,,,,,,FG-HIMSHW,,,,0,0,0,0,0,CZSRNDMIXMIXMIX,1,1,,1,0,
COMPANY STOCK,SLVRNGREGREG-266,SLVRNGREGREG-266-1,"92,WHITE",SRNG50999,PMJ&GEMS-B-C-BANJARA HILLS-SHOWROOM,FG-BHSHW,,KANTILAL CHHOTALAL,,1,2.74,2.514,0,0,,0,0,0,0,,10
,,,,,,FG-BHSHW,,,,0,0,0,0,0,CZSRNDMIXMIXMIX,30,0.33,,0.33,0,
,,,,,,FG-BHSHW,,,,0,0,0,0,,AG92White,0,2.514,0,2.514,0,
,,,,,,FG-BHSHW,,,,0,0,0,0,0,CZSRNDMIXMIXMIX,1,0.8,,0.8,0,
COMPANY STOCK,SLVRNGREGREG-151,SLVRNGREGREG-151-1,"92,WHITE",SRNG50936,PMJ&GEMS-B-C-BANGALORE-SHOWROOM,FINISHED GOODS-BLRSHW,,KANTILAL CHHOTALAL,,1,3.33,3.15,0,0,,0,0,0,0,,10
,,,,,,FINISHED GOODS-BLRSHW,,,,0,0,0,0,0,CZSRNDMIXMIXMIX,18,0.2,,0.2,0,
,,,,,,FINISHED GOODS-BLRSHW,,,,0,0,0,0,,AG92White,0,3.15,0,3.15,0,
,,,,,,FINISHED GOODS-BLRSHW,,,,0,0,0,0,0,CZSRNDMIXMIXMIX,1,0.7,,0.7,0,
COMPANY STOCK,SLVRNGREGREG-222,SLVRNGREGREG-222-1,"92,WHITE",SRNG51248,PMJ&GEMS-B-C-BANJARA HILLS-SHOWROOM,FG-BHSHW,,KANTILAL CHHOTALAL,,1,2.52,2.352,0,0,,0,0,0,0,,10
,,,,,,FG-BHSHW,,,,0,0,0,0,0,CZSRNDMIXMIXMIX,1,0.5,,0.5,0,
,,,,,,FG-BHSHW,,,,0,0,0,0,,AG92White,0,2.352,0,2.352,0,
,,,,,,FG-BHSHW,,,,0,0,0,0,0,CZSRNDMIXMIXMIX,56,0.34,,0.34,0,
COMPANY STOCK,SLVRNGREGREG-243,SLVRNGREGREG-243-1,"92,WHITE",SRNG51474,PMJ&GEMS-B-C-HIMAYATHNAGAR-SHOWROOM,FG-HIMSHW,,KANTILAL CHHOTALAL,,1,3.8,3.7,0,0,,0,0,0,0,,10
,,,,,,FG-HIMSHW,,,,0,0,0,0,,AG92White,0,3.7,0,3.7,0,
,,,,,,FG-HIMSHW,,,,0,0,0,0,0,CZSRNDMIXMIXMIX,1,0.5,,0.5,0,
COMPANY STOCK,SLVRNGREGREG-281,SLVRNGREGREG-281-1,"92,WHITE",SRNG51113,PMJ&GEMS-B-C-BANGALORE-SHOWROOM,FINISHED GOODS-BLRSHW,,KANTILAL CHHOTALAL,,1,2,1.9,0,0,,0,0,0,0,,10
,,,,,,FINISHED GOODS-BLRSHW,,,,0,0,0,0,,AG92White,0,1.9,0,1.9,0,
,,,,,,FINISHED GOODS-BLRSHW,,,,0,0,0,0,0,CZSRNDMIXMIXMIX,1,0.5,,0.5,0,
COMPANY STOCK,SLVRNGREGREG-325,SLVRNGREGREG-325-1,"92,WHITE",SRNG51115,PMJ&GEMS-B-C-HIMAYATHNAGAR-SHOWROOM,FG-HIMSHW,,KANTILAL CHHOTALAL,,1,2.79,2.59,0,0,,0,0,0,0,,10
,,,,,,FG-HIMSHW,,,,0,0,0,0,,AG92White,0,2.59,0,2.59,0,
,,,,,,FG-HIMSHW,,,,0,0,0,0,0,CZSRNDMIXMIXMIX,1,1,,1,0,
COMPANY STOCK,SLVRNGREGREG-368,SLVRNGREGREG-368-1,"92,WHITE",SRNG51064,PMJ&GEMS-B-C-VIJAYAWADA-SHOWROOM,FG-VIJSHW,,KANTILAL CHHOTALAL,,1,3.12,2.92,0,0,,0,0,0,0,,10
,,,,,,FG-VIJSHW,,,,0,0,0,0,,AG92White,0,2.92,0,2.92,0,
,,,,,,FG-VIJSHW,,,,0,0,0,0,0,CZSRNDMIXMIXMIX,1,1,,1,0,
COMPANY STOCK,SLVRNGREGREG-214,SLVRNGREGREG-214-1,"92,WHITE",SRNG51583,PMJ&GEMS-B-C-HIMAYATHNAGAR-SHOWROOM,FG-HIMSHW,,KANTILAL CHHOTALAL,,1,3.97,3.764,0,0,,0,0,0,0,,10
,,,,,,FG-HIMSHW,,,,0,0,0,0,0,CZSRNDMIXMIXMIX,1,0.5,,0.5,0,
,,,,,,FG-HIMSHW,,,,0,0,0,0,,AG92White,0,3.764,0,3.764,0,
,,,,,,FG-HIMSHW,,,,0,0,0,0,0,CZSRNDMIXMIXMIX,31,0.53,,0.53,0,
COMPANY STOCK,SLVRNGREGREG-145,SLVRNGREGREG-145-1,"92,WHITE",SRNG51377,PMJ&GEMS-B-C-VIJAYAWADA-SHOWROOM,FG-VIJSHW,,KANTILAL CHHOTALAL,,1,4.68,4.58,0,0,,0,0,0,0,,10
,,,,,,FG-VIJSHW,,,,0,0,0,0,,AG92White,0,4.58,0,4.58,0,
,,,,,,FG-VIJSHW,,,,0,0,0,0,0,CZSRNDMIXMIXMIX,1,0.5,,0.5,0,
COMPANY STOCK,SLVRNGREGREG-236,SLVRNGREGREG-236-1,"92,WHITE",SRNG50919,PMJ&GEMS-B-C-HIMAYATHNAGAR-SHOWROOM,FG-HIMSHW,,KANTILAL CHHOTALAL,,1,2.51,2.428,0,0,,0,0,0,0,,10
,,,,,,FG-HIMSHW,,,,0,0,0,0,0,CZSRNDMIXMIXMIX,16,0.08,,0.08,0,
,,,,,,FG-HIMSHW,,,,0,0,0,0,,AG92White,0,2.428,0,2.428,0,
,,,,,,FG-HIMSHW,,,,0,0,0,0,0,CZSRNDMIXMIXMIX,1,0.33,,0.33,0,
COMPANY STOCK,SLVRNGREGREG-277,SLVRNGREGREG-277-1,"92,WHITE",SRNG51363,PMJ&GEMS-B-C-HIMAYATHNAGAR-SHOWROOM,FG-HIMSHW,,KANTILAL CHHOTALAL,,1,7.96,7.86,0,0,,0,0,0,0,,10
,,,,,,FG-HIMSHW,,,,0,0,0,0,,AG92White,0,7.86,0,7.86,0,
,,,,,,FG-HIMSHW,,,,0,0,0,0,0,CZSRNDMIXMIXMIX,1,0.5,,0.5,0,
COMPANY STOCK,SLVRNGREGREG-246,SLVRNGREGREG-246-1,"92,WHITE",SRNG51128,PMJ&GEMS-B-C-BANGALORE-SHOWROOM,FINISHED GOODS-BLRSHW,,KANTILAL CHHOTALAL,,1,2.78,2.58,0,0,,0,0,0,0,,10
,,,,,,FINISHED GOODS-BLRSHW,,,,0,0,0,0,,AG92White,0,2.58,0,2.58,0,
,,,,,,FINISHED GOODS-BLRSHW,,,,0,0,0,0,0,CZSRNDMIXMIXMIX,1,1,,1,0,
COMPANY STOCK,SLVRNGREGREG-132,SLVRNGREGREG-132-1,"92,WHITE",SRNG51249,PMJ&GEMS-B-C-BANJARA HILLS-SHOWROOM,FG-BHSHW,,KANTILAL CHHOTALAL,,1,2.34,2.14,0,0,,0,0,0,0,,10
,,,,,,FG-BHSHW,,,,0,0,0,0,0,CZSRNDMIXMIXMIX,1,0.5,,0.5,0,
,,,,,,FG-BHSHW,,,,0,0,0,0,,AG92White,0,2.14,0,2.14,0,
,,,,,,FG-BHSHW,,,,0,0,0,0,0,CZSRNDMIXMIXMIX,56,0.5,,0.5,0,
COMPANY STOCK,SLVRNGREGREG-224,SLVRNGREGREG-224-1,"92,WHITE",SRNG50882,PMJ&GEMS-B-C-Vizag-SHOWROOM,FINISHED GOODS-VTZSHW,,KANTILAL CHHOTALAL,,1,2.94,2.84,0,0,,0,0,0,0,,10
,,,,,,FINISHED GOODS-VTZSHW,,,,0,0,0,0,,AG92White,0,2.84,0,2.84,0,
,,,,,,FINISHED GOODS-VTZSHW,,,,0,0,0,0,0,CZSRNDMIXMIXMIX,1,0.5,,0.5,0,
COMPANY STOCK,SLVRNGREGREG-334,SLVRNGREGREG-334-1,"92,WHITE",SRNG51483,PMJ&GEMS-B-C-HIMAYATHNAGAR-SHOWROOM,FG-HIMSHW,,KANTILAL CHHOTALAL,,1,4,3.728,0,0,,0,0,0,0,,10
,,,,,,FG-HIMSHW,,,,0,0,0,0,0,CZSRNDMIXMIXMIX,1,1,,1,0,
,,,,,,FG-HIMSHW,,,,0,0,0,0,,AG92White,0,3.728,0,3.728,0,
,,,,,,FG-HIMSHW,,,,0,0,0,0,0,CZSRNDMIXMIXMIX,42,0.36,,0.36,0,
COMPANY STOCK,SLVRNGREGREG-135,SLVRNGREGREG-135-1,"92,WHITE",SRNG51253,PMJ&GEMS-B-C-BANJARA HILLS-SHOWROOM,FG-BHSHW,,KANTILAL CHHOTALAL,,1,2.82,2.72,0,0,,0,0,0,0,,10
,,,,,,FG-BHSHW,,,,0,0,0,0,,AG92White,0,2.72,0,2.72,0,
,,,,,,FG-BHSHW,,,,0,0,0,0,0,CZSRNDMIXMIXMIX,1,0.5,,0.5,0,
COMPANY STOCK,SLVRNGREGREG-112,SLVRNGREGREG-112-1,"92,WHITE",SRNG51093,PMJ&GEMS-B-C-BANJARA HILLS-SHOWROOM,FG-BHSHW,,KANTILAL CHHOTALAL,,1,4.02,3.748,0,0,,0,0,0,0,,10
,,,,,,FG-BHSHW,,,,0,0,0,0,0,CZSRNDMIXMIXMIX,42,0.36,,0.36,0,
,,,,,,FG-BHSHW,,,,0,0,0,0,0,CZSRNDMIXMIXMIX,1,1,,1,0,
,,,,,,FG-BHSHW,,,,0,0,0,0,,AG92White,0,3.748,0,3.748,0,
COMPANY STOCK,SLVRNGREGREG-109,SLVRNGREGREG-109-1,"92,WHITE",SRNG50886,PMJ&GEMS-B-C-BANJARA HILLS-SHOWROOM,FG-BHSHW,,KANTILAL CHHOTALAL,,1,4.07,3.87,0,0,,0,0,0,0,,10
,,,,,,FG-BHSHW,,,,0,0,0,0,,AG92White,0,3.87,0,3.87,0,
,,,,,,FG-BHSHW,,,,0,0,0,0,0,CZSRNDMIXMIXMIX,1,1,,1,0,
COMPANY STOCK,SLVRNGREGREG-182,SLVRNGREGREG-182-1,"92,WHITE",SRNG51441,PMJ&GEMS-B-C-BANJARA HILLS-SHOWROOM,FG-BHSHW,,KANTILAL CHHOTALAL,,1,2.7,2.476,0,0,,0,0,0,0,,10
,,,,,,FG-BHSHW,,,,0,0,0,0,0,CZSRNDMIXMIXMIX,1,0.75,,0.75,0,
,,,,,,FG-BHSHW,,,,0,0,0,0,,AG92White,0,2.476,0,2.476,0,
,,,,,,FG-BHSHW,,,,0,0,0,0,0,CZSRNDMIXMIXMIX,48,0.37,,0.37,0,
COMPANY STOCK,SLVRNGREGREG-204,SLVRNGREGREG-204-1,"92,WHITE",SRNG51302,PMJ&GEMS-B-C-Vizag-SHOWROOM,FINISHED GOODS-VTZSHW,,KANTILAL CHHOTALAL,,1,3.79,3.55,0,0,,0,0,0,0,,10
,,,,,,FINISHED GOODS-VTZSHW,,,,0,0,0,0,,AG92White,0,3.55,0,3.55,0,
,,,,,,FINISHED GOODS-VTZSHW,,,,0,0,0,0,0,CZSRNDMIXMIXMIX,1,1.2,,1.2,0,
COMPANY STOCK,SLVRNGREGREG-254,SLVRNGREGREG-254-1,"92,WHITE",SRNG51142,PMJ&GEMS-B-C-BANGALORE-SHOWROOM,FINISHED GOODS-BLRSHW,,KANTILAL CHHOTALAL,,1,2.57,2.35,0,0,,0,0,0,0,,10
,,,,,,FINISHED GOODS-BLRSHW,,,,0,0,0,0,0,CZSRNDMIXMIXMIX,2,0.4,,0.4,0,
,,,,,,FINISHED GOODS-BLRSHW,,,,0,0,0,0,,AG92White,0,2.35,0,2.35,0,
,,,,,,FINISHED GOODS-BLRSHW,,,,0,0,0,0,0,CZSRNDMIXMIXMIX,1,0.7,,0.7,0,
COMPANY STOCK,SLVRNGREGREG-388,SLVRNGREGREG-388-1,"92,WHITE",SRNG51189,PMJ&GEMS-B-C-HIMAYATHNAGAR-SHOWROOM,FG-HIMSHW,,KANTILAL CHHOTALAL,,1,3.11,2.794,0,0,,0,0,0,0,,10
,,,,,,FG-HIMSHW,,,,0,0,0,0,0,CZSRNDMIXMIXMIX,1,1,,1,0,
,,,,,,FG-HIMSHW,,,,0,0,0,0,,AG92White,0,2.794,0,2.794,0,
,,,,,,FG-HIMSHW,,,,0,0,0,0,0,CZSRNDMIXMIXMIX,64,0.58,,0.58,0,
COMPANY STOCK,SLVRNGREGREG-200,SLVRNGREGREG-200-1,"92,WHITE",SRNG50949,PMJ&GEMS-B-C-Vizag-SHOWROOM,FINISHED GOODS-VTZSHW,,KANTILAL CHHOTALAL,,1,3.52,3.262,0,0,,0,0,0,0,,10
,,,,,,FINISHED GOODS-VTZSHW,,,,0,0,0,0,0,CZSRNDMIXMIXMIX,64,0.29,,0.29,0,
,,,,,,FINISHED GOODS-VTZSHW,,,,0,0,0,0,,AG92White,0,3.262,0,3.262,0,
,,,,,,FINISHED GOODS-VTZSHW,,,,0,0,0,0,0,CZSRNDMIXMIXMIX,1,1,,1,0,
COMPANY STOCK,SLVRNGREGREG-405,SLVRNGREGREG-405-1,"92,WHITE",SRNG51582,PMJ&GEMS-B-C-Vizag-SHOWROOM,FINISHED GOODS-VTZSHW,,KANTILAL CHHOTALAL,,1,4.58,4.302,0,0,,0,0,0,0,,10
,,,,,,FINISHED GOODS-VTZSHW,,,,0,0,0,0,0,CZSRNDMIXMIXMIX,1,0.65,,0.65,0,
,,,,,,FINISHED GOODS-VTZSHW,,,,0,0,0,0,,AG92White,0,4.302,0,4.302,0,
,,,,,,FINISHED GOODS-VTZSHW,,,,0,0,0,0,0,CZSRNDMIXMIXMIX,45,0.74,,0.74,0,
COMPANY STOCK,SLVRNGREGREG-297,SLVRNGREGREG-297-1,"92,WHITE",SRNG51492,PMJ&GEMS-B-C-HIMAYATHNAGAR-SHOWROOM,FG-HIMSHW,,KANTILAL CHHOTALAL,,1,1.96,1.86,0,0,,0,0,0,0,,10
,,,,,,FG-HIMSHW,,,,0,0,0,0,,AG92White,0,1.86,0,1.86,0,
,,,,,,FG-HIMSHW,,,,0,0,0,0,0,CZSRNDMIXMIXMIX,1,0.5,,0.5,0,
COMPANY STOCK,SLVRNGREGREG-385,SLVRNGREGREG-385-1,"92,WHITE",SRNG50906,PMJ&GEMS-B-C-HIMAYATHNAGAR-SHOWROOM,FG-HIMSHW,,KANTILAL CHHOTALAL,,1,3.92,3.464,0,0,,0,0,0,0,,10
,,,,,,FG-HIMSHW,,,,0,0,0,0,0,CZSRNDMIXMIXMIX,1,1.9,,1.9,0,
,,,,,,FG-HIMSHW,,,,0,0,0,0,,AG92White,0,3.464,0,3.464,0,
,,,,,,FG-HIMSHW,,,,0,0,0,0,0,CZSRNDMIXMIXMIX,38,0.38,,0.38,0,
COMPANY STOCK,SLVRNGREGREG-143,SLVRNGREGREG-143-1,"92,WHITE",SRNG51370,PMJ&GEMS-B-C-VIJAYAWADA-SHOWROOM,FG-VIJSHW,,KANTILAL CHHOTALAL,,1,3.06,2.824,0,0,,0,0,0,0,,10
,,,,,,FG-VIJSHW,,,,0,0,0,0,0,CZSRNDMIXMIXMIX,12,0.68,,0.68,0,
,,,,,,FG-VIJSHW,,,,0,0,0,0,,AG92White,0,2.824,0,2.824,0,
,,,,,,FG-VIJSHW,,,,0,0,0,0,0,CZSRNDMIXMIXMIX,1,0.5,,0.5,0,
COMPANY STOCK,SLVRNGREGREG-399,SLVRNGREGREG-399-1,"92,WHITE",SRNG50947,PMJ&GEMS-B-C-Vizag-SHOWROOM,FINISHED GOODS-VTZSHW,,KANTILAL CHHOTALAL,,1,3.53,3.33,0,0,,0,0,0,0,,10
,,,,,,FINISHED GOODS-VTZSHW,,,,0,0,0,0,,AG92White,0,3.33,0,3.33,0,
,,,,,,FINISHED GOODS-VTZSHW,,,,0,0,0,0,0,CZSRNDMIXMIXMIX,1,1,,1,0,
COMPANY STOCK,SLVRNGREGREG-169,SLVRNGREGREG-169-1,"92,WHITE",SRNG51321,PMJ&GEMS-B-C-BANGALORE-SHOWROOM,FINISHED GOODS-BLRSHW,,KANTILAL CHHOTALAL,,1,3.85,3.75,0,0,,0,0,0,0,,10
,,,,,,FINISHED GOODS-BLRSHW,,,,0,0,0,0,,AG92White,0,3.75,0,3.75,0,
,,,,,,FINISHED GOODS-BLRSHW,,,,0,0,0,0,0,CZSRNDMIXMIXMIX,1,0.5,,0.5,0,
COMPANY STOCK,SLVRNGREGREG-192,SLVRNGREGREG-192-1,"92,WHITE",SRNG50927,PMJ&GEMS-B-C-HIMAYATHNAGAR-SHOWROOM,FG-HIMSHW,,KANTILAL CHHOTALAL,,1,4.62,4.342,0,0,,0,0,0,0,,10
,,,,,,FG-HIMSHW,,,,0,0,0,0,0,CZSRNDMIXMIXMIX,1,0.65,,0.65,0,
,,,,,,FG-HIMSHW,,,,0,0,0,0,,AG92White,0,4.342,0,4.342,0,
,,,,,,FG-HIMSHW,,,,0,0,0,0,0,CZSRNDMIXMIXMIX,45,0.74,,0.74,0,
COMPANY STOCK,SLVRNGREGREG-374,SLVRNGREGREG-374-1,"92,WHITE",SRNG51238,PMJ&GEMS-B-C-Vizag-SHOWROOM,FINISHED GOODS-VTZSHW,,KANTILAL CHHOTALAL,,1,3.1,2.98,0,0,,0,0,0,0,,10
,,,,,,FINISHED GOODS-VTZSHW,,,,0,0,0,0,0,CZSRNDMIXMIXMIX,14,0.1,,0.1,0,
,,,,,,FINISHED GOODS-VTZSHW,,,,0,0,0,0,,AG92White,0,2.98,0,2.98,0,
,,,,,,FINISHED GOODS-VTZSHW,,,,0,0,0,0,0,CZSRNDMIXMIXMIX,1,0.5,,0.5,0,
COMPANY STOCK,SLVRNGREGREG-212,SLVRNGREGREG-212-1,"92,WHITE",SRNG51325,PMJ&GEMS-B-C-HIMAYATHNAGAR-SHOWROOM,FG-HIMSHW,,KANTILAL CHHOTALAL,,1,2.72,2.582,0,0,,0,0,0,0,,10
,,,,,,FG-HIMSHW,,,,0,0,0,0,0,CZSRNDMIXMIXMIX,12,0.19,,0.19,0,
,,,,,,FG-HIMSHW,,,,0,0,0,0,,AG92White,0,2.582,0,2.582,0,
,,,,,,FG-HIMSHW,,,,0,0,0,0,0,CZSRNDMIXMIXMIX,1,0.5,,0.5,0,
COMPANY STOCK,SLVRNGREGREG-396,SLVRNGREGREG-396-1,"92,WHITE",SRNG51475,PMJ&GEMS-B-C-BANJARA HILLS-SHOWROOM,FG-BHSHW,,KANTILAL CHHOTALAL,,1,4.62,4.52,0,0,,0,0,0,0,,10
,,,,,,FG-BHSHW,,,,0,0,0,0,,AG92White,0,4.52,0,4.52,0,
,,,,,,FG-BHSHW,,,,0,0,0,0,0,CZSRNDMIXMIXMIX,1,0.5,,0.5,0,
COMPANY STOCK,SLVRNGREGREG-178,SLVRNGREGREG-178-1,"92,WHITE",SRNG51085,PMJ&GEMS-B-C-BANJARA HILLS-SHOWROOM,FG-BHSHW,,KANTILAL CHHOTALAL,,1,6.01,5.81,0,0,,0,0,0,0,,10
,,,,,,FG-BHSHW,,,,0,0,0,0,,AG92White,0,5.81,0,5.81,0,
,,,,,,FG-BHSHW,,,,0,0,0,0,0,CZSRNDMIXMIXMIX,1,1,,1,0,
COMPANY STOCK,SLVRNGREGREG-226,SLVRNGREGREG-226-1,"92,WHITE",SRNG51254,PMJ&GEMS-B-C-HIMAYATHNAGAR-SHOWROOM,FG-HIMSHW,,KANTILAL CHHOTALAL,,1,8.02,7.72,0,0,,0,0,0,0,,10
,,,,,,FG-HIMSHW,,,,0,0,0,0,,AG92White,0,7.72,0,7.72,0,
,,,,,,FG-HIMSHW,,,,0,0,0,0,0,CZSRNDMIXMIXMIX,1,1.5,,1.5,0,
COMPANY STOCK,SLVRNGREGREG-292,SLVRNGREGREG-292-1,"92,WHITE",SRNG51398,PMJ&GEMS-B-C-Vizag-SHOWROOM,FINISHED GOODS-VTZSHW,,KANTILAL CHHOTALAL,,1,2.63,2.53,0,0,,0,0,0,0,,10
,,,,,,FINISHED GOODS-VTZSHW,,,,0,0,0,0,,AG92White,0,2.53,0,2.53,0,
,,,,,,FINISHED GOODS-VTZSHW,,,,0,0,0,0,0,CZSRNDMIXMIXMIX,1,0.5,,0.5,0,
COMPANY STOCK,SLVRNGREGREG-165,SLVRNGREGREG-165-1,"92,WHITE",SRNG51414,PMJ&GEMS-B-C-Vizag-SHOWROOM,FINISHED GOODS-VTZSHW,,KANTILAL CHHOTALAL,,1,3.02,2.876,0,0,,0,0,0,0,,10
,,,,,,FINISHED GOODS-VTZSHW,,,,0,0,0,0,0,CZSRNDMIXMIXMIX,22,0.22,,0.22,0,
,,,,,,FINISHED GOODS-VTZSHW,,,,0,0,0,0,,AG92White,0,2.876,0,2.876,0,
,,,,,,FINISHED GOODS-VTZSHW,,,,0,0,0,0,0,CZSRNDMIXMIXMIX,1,0.5,,0.5,0,
COMPANY STOCK,SLVRNGREGREG-272,SLVRNGREGREG-272-1,"92,WHITE",SRNG51014,PMJ&GEMS-B-C-BANGALORE-SHOWROOM,FINISHED GOODS-BLRSHW,,KANTILAL CHHOTALAL,,1,2.57,2.412,0,0,,0,0,0,0,,10
,,,,,,FINISHED GOODS-BLRSHW,,,,0,0,0,0,0,CZSRNDMIXMIXMIX,26,0.29,,0.29,0,
,,,,,,FINISHED GOODS-BLRSHW,,,,0,0,0,0,,AG92White,0,2.412,0,2.412,0,
,,,,,,FINISHED GOODS-BLRSHW,,,,0,0,0,0,0,CZSRNDMIXMIXMIX,1,0.5,,0.5,0,
COMPANY STOCK,SLVRNGREGREG-377,SLVRNGREGREG-377-1,"92,WHITE",SRNG51162,PMJ&GEMS-B-C-VIJAYAWADA-SHOWROOM,FG-VIJSHW,,KANTILAL CHHOTALAL,,1,8.42,8.22,0,0,,0,0,0,0,,10
,,,,,,FG-VIJSHW,,,,0,0,0,0,,AG92White,0,8.22,0,8.22,0,
,,,,,,FG-VIJSHW,,,,0,0,0,0,0,CZSRNDMIXMIXMIX,1,1,,1,0,
COMPANY STOCK,SLVRNGREGREG-159,SLVRNGREGREG-159-1,"92,WHITE",SRNG50961,PMJ&GEMS-B-C-VIJAYAWADA-SHOWROOM,FG-VIJSHW,,KANTILAL CHHOTALAL,,1,2.31,2.142,0,0,,0,0,0,0,,10
,,,,,,FG-VIJSHW,,,,0,0,0,0,0,CZSRNDMIXMIXMIX,1,0.5,,0.5,0,
,,,,,,FG-VIJSHW,,,,0,0,0,0,,AG92White,0,2.142,0,2.142,0,
,,,,,,FG-VIJSHW,,,,0,0,0,0,0,CZSRNDMIXMIXMIX,56,0.34,,0.34,0,
COMPANY STOCK,SLVRNGREGREG-369,SLVRNGREGREG-369-1,"92,WHITE",SRNG51415,PMJ&GEMS-B-C-BANGALORE-SHOWROOM,FINISHED GOODS-BLRSHW,,KANTILAL CHHOTALAL,,1,4.02,3.82,0,0,,0,0,0,0,,10
,,,,,,FINISHED GOODS-BLRSHW,,,,0,0,0,0,,AG92White,0,3.82,0,3.82,0,
,,,,,,FINISHED GOODS-BLRSHW,,,,0,0,0,0,0,CZSRNDMIXMIXMIX,1,1,,1,0,
COMPANY STOCK,SLVRNGREGREG-394,SLVRNGREGREG-394-1,"92,WHITE",SRNG51380,PMJ&GEMS-B-C-BANGALORE-SHOWROOM,FINISHED GOODS-BLRSHW,,KANTILAL CHHOTALAL,,1,3.12,2.88,0,0,,0,0,0,0,,10
,,,,,,FINISHED GOODS-BLRSHW,,,,0,0,0,0,0,CZSRNDMIXMIXMIX,2,0.2,,0.2,0,
,,,,,,FINISHED GOODS-BLRSHW,,,,0,0,0,0,,AG92White,0,2.88,0,2.88,0,
,,,,,,FINISHED GOODS-BLRSHW,,,,0,0,0,0,0,CZSRNDMIXMIXMIX,1,1,,1,0,
COMPANY STOCK,SLVRNGREGREG-375,SLVRNGREGREG-375-1,"92,WHITE",SRNG50880,PMJ&GEMS-B-C-VIJAYAWADA-SHOWROOM,FG-VIJSHW,,KANTILAL CHHOTALAL,,1,2.5,2.276,0,0,,0,0,0,0,,10
,,,,,,FG-VIJSHW,,,,0,0,0,0,0,CZSRNDMIXMIXMIX,48,0.37,,0.37,0,
,,,,,,FG-VIJSHW,,,,0,0,0,0,,AG92White,0,2.276,0,2.276,0,
,,,,,,FG-VIJSHW,,,,0,0,0,0,0,CZSRNDMIXMIXMIX,1,0.75,,0.75,0,
COMPANY STOCK,SLVRNGREGREG-231,SLVRNGREGREG-231-1,"92,WHITE",SRNG51445,PMJ&GEMS-B-C-Vizag-SHOWROOM,FINISHED GOODS-VTZSHW,,KANTILAL CHHOTALAL,,1,3.29,3.19,0,0,,0,0,0,0,,10
,,,,,,FINISHED GOODS-VTZSHW,,,,0,0,0,0,,AG92White,0,3.19,0,3.19,0,
,,,,,,FINISHED GOODS-VTZSHW,,,,0,0,0,0,0,CZSRNDMIXMIXMIX,1,0.5,,0.5,0,
COMPANY STOCK,SLVRNGREGREG-343,SLVRNGREGREG-343-1,"92,WHITE",SRNG51150,PMJ&GEMS-B-C-BANGALORE-SHOWROOM,FINISHED GOODS-BLRSHW,,KANTILAL CHHOTALAL,,1,3.94,3.74,0,0,,0,0,0,0,,10
,,,,,,FINISHED GOODS-BLRSHW,,,,0,0,0,0,,AG92White,0,3.74,0,3.74,0,
,,,,,,FINISHED GOODS-BLRSHW,,,,0,0,0,0,0,CZSRNDMIXMIXMIX,1,1,,1,0,
COMPANY STOCK,SLVRNGREGREG-201,SLVRNGREGREG-201-1,"92,WHITE",SRNG50951,PMJ&GEMS-B-C-HIMAYATHNAGAR-SHOWROOM,FG-HIMSHW,,KANTILAL CHHOTALAL,,1,2.1,2,0,0,,0,0,0,0,,10
,,,,,,FG-HIMSHW,,,,0,0,0,0,,AG92White,0,2,0,2,0,
,,,,,,FG-HIMSHW,,,,0,0,0,0,0,CZSRNDMIXMIXMIX,1,0.5,,0.5,0,
COMPANY STOCK,SLVRNGREGREG-298,SLVRNGREGREG-298-1,"92,WHITE",SRNG51412,PMJ&GEMS-B-C-BANGALORE-SHOWROOM,FINISHED GOODS-BLRSHW,,KANTILAL CHHOTALAL,,1,2.49,2.29,0,0,,0,0,0,0,,10
,,,,,,FINISHED GOODS-BLRSHW,,,,0,0,0,0,0,CZSRNDMIXMIXMIX,1,0.5,,0.5,0,
,,,,,,FINISHED GOODS-BLRSHW,,,,0,0,0,0,,AG92White,0,2.29,0,2.29,0,
,,,,,,FINISHED GOODS-BLRSHW,,,,0,0,0,0,0,CZSRNDMIXMIXMIX,56,0.5,,0.5,0,
COMPANY STOCK,SLVRNGREGREG-170,SLVRNGREGREG-170-1,"92,WHITE",SRNG51070,PMJ&GEMS-B-C-BANJARA HILLS-SHOWROOM,FG-BHSHW,,KANTILAL CHHOTALAL,,1,7.8,7.5,0,0,,0,0,0,0,,10
,,,,,,FG-BHSHW,,,,0,0,0,0,,AG92White,0,7.5,0,7.5,0,
,,,,,,FG-BHSHW,,,,0,0,0,0,0,CZSRNDMIXMIXMIX,1,1.5,,1.5,0,
COMPANY STOCK,SLVRNGREGREG-166,SLVRNGREGREG-166-1,"92,WHITE",SRNG51148,PMJ&GEMS-B-C-BANGALORE-SHOWROOM,FINISHED GOODS-BLRSHW,,KANTILAL CHHOTALAL,,1,2.33,2.17,0,0,,0,0,0,0,,10
,,,,,,FINISHED GOODS-BLRSHW,,,,0,0,0,0,,AG92White,0,2.17,0,2.17,0,
,,,,,,FINISHED GOODS-BLRSHW,,,,0,0,0,0,0,CZSRNDMIXMIXMIX,1,0.8,,0.8,0,
COMPANY STOCK,SLVRNGREGREG-245,SLVRNGREGREG-245-1,"92,WHITE",SRNG50938,PMJ&GEMS-B-C-BANGALORE-SHOWROOM,FINISHED GOODS-BLRSHW,,KANTILAL CHHOTALAL,,1,2.14,2.04,0,0,,0,0,0,0,,10
,,,,,,FINISHED GOODS-BLRSHW,,,,0,0,0,0,,AG92White,0,2.04,0,2.04,0,
,,,,,,FINISHED GOODS-BLRSHW,,,,0,0,0,0,0,CZSRNDMIXMIXMIX,1,0.5,,0.5,0,
COMPANY STOCK,SLVRNGREGREG-291,SLVRNGREGREG-291-1,"92,WHITE",SRNG51484,PMJ&GEMS-B-C-BANGALORE-SHOWROOM,FINISHED GOODS-BLRSHW,,KANTILAL CHHOTALAL,,1,3.35,2.932,0,0,,0,0,0,0,,10
,,,,,,FINISHED GOODS-BLRSHW,,,,0,0,0,0,0,CZSRNDMIXMIXMIX,1,1.5,,1.5,0,
,,,,,,FINISHED GOODS-BLRSHW,,,,0,0,0,0,,AG92White,0,2.932,0,2.932,0,
,,,,,,FINISHED GOODS-BLRSHW,,,,0,0,0,0,0,CZSRNDMIXMIXMIX,83,0.59,,0.59,0,
COMPANY STOCK,SLVRNGREGREG-314,SLVRNGREGREG-314-1,"92,WHITE",SRNG50893,PMJ&GEMS-B-C-Vizag-SHOWROOM,FINISHED GOODS-VTZSHW,,KANTILAL CHHOTALAL,,1,1.99,1.89,0,0,,0,0,0,0,,10
,,,,,,FINISHED GOODS-VTZSHW,,,,0,0,0,0,,AG92White,0,1.89,0,1.89,0,
,,,,,,FINISHED GOODS-VTZSHW,,,,0,0,0,0,0,CZSRNDMIXMIXMIX,1,0.5,,0.5,0,
COMPANY STOCK,SLVRNGREGREG-244,SLVRNGREGREG-244-1,"92,WHITE",SRNG50935,PMJ&GEMS-B-C-BANJARA HILLS-SHOWROOM,FG-BHSHW,,KANTILAL CHHOTALAL,,1,3.26,3.08,0,0,,0,0,0,0,,10
,,,,,,FG-BHSHW,,,,0,0,0,0,0,CZSRNDMIXMIXMIX,1,0.7,,0.7,0,
,,,,,,FG-BHSHW,,,,0,0,0,0,,AG92White,0,3.08,0,3.08,0,
,,,,,,FG-BHSHW,,,,0,0,0,0,0,CZSRNDMIXMIXMIX,18,0.2,,0.2,0,
COMPANY STOCK,SLVRNGREGREG-389,SLVRNGREGREG-389-1,"92,WHITE",SRNG51531,PMJ&GEMS-B-C-BANGALORE-SHOWROOM,FINISHED GOODS-BLRSHW,,KANTILAL CHHOTALAL,,1,3.08,2.764,0,0,,0,0,0,0,,10
,,,,,,FINISHED GOODS-BLRSHW,,,,0,0,0,0,0,CZSRNDMIXMIXMIX,64,0.58,,0.58,0,
,,,,,,FINISHED GOODS-BLRSHW,,,,0,0,0,0,,AG92White,0,2.764,0,2.764,0,
,,,,,,FINISHED GOODS-BLRSHW,,,,0,0,0,0,0,CZSRNDMIXMIXMIX,1,1,,1,0,
COMPANY STOCK,SLVRNGREGREG-362,SLVRNGREGREG-362-1,"92,WHITE",SRNG51136,PMJ&GEMS-B-C-Vizag-SHOWROOM,FINISHED GOODS-VTZSHW,,KANTILAL CHHOTALAL,,1,2.7,2.476,0,0,,0,0,0,0,,10
,,,,,,FINISHED GOODS-VTZSHW,,,,0,0,0,0,0,CZSRNDMIXMIXMIX,1,0.75,,0.75,0,
,,,,,,FINISHED GOODS-VTZSHW,,,,0,0,0,0,,AG92White,0,2.476,0,2.476,0,
,,,,,,FINISHED GOODS-VTZSHW,,,,0,0,0,0,0,CZSRNDMIXMIXMIX,48,0.37,,0.37,0,
COMPANY STOCK,SLVRNGREGREG-114,SLVRNGREGREG-114-1,"92,WHITE",SRNG51182,PMJ&GEMS-B-C-VIJAYAWADA-SHOWROOM,FG-VIJSHW,,KANTILAL CHHOTALAL,,1,3.14,3.02,0,0,,0,0,0,0,,10
,,,,,,FG-VIJSHW,,,,0,0,0,0,0,CZSRNDMIXMIXMIX,14,0.1,,0.1,0,
,,,,,,FG-VIJSHW,,,,0,0,0,0,,AG92White,0,3.02,0,3.02,0,
,,,,,,FG-VIJSHW,,,,0,0,0,0,0,CZSRNDMIXMIXMIX,1,0.5,,0.5,0,
COMPANY STOCK,SLVRNGREGREG-337,SLVRNGREGREG-337-1,"92,WHITE",SRNG51309,PMJ&GEMS-B-C-BANGALORE-SHOWROOM,FINISHED GOODS-BLRSHW,,KANTILAL CHHOTALAL,,1,3.51,3.25,0,0,,0,0,0,0,,10
,,,,,,FINISHED GOODS-BLRSHW,,,,0,0,0,0,0,CZSRNDMIXMIXMIX,1,0.8,,0.8,0,
,,,,,,FINISHED GOODS-BLRSHW,,,,0,0,0,0,,AG92White,0,3.25,0,3.25,0,
,,,,,,FINISHED GOODS-BLRSHW,,,,0,0,0,0,0,CZSRNDMIXMIXMIX,24,0.5,,0.5,0,
COMPANY STOCK,SLVRNGREGREG-313,SLVRNGREGREG-313-1,"92,WHITE",SRNG51346,PMJ&GEMS-B-C-VIJAYAWADA-SHOWROOM,FG-VIJSHW,,KANTILAL CHHOTALAL,,1,4.78,4.63,0,0,,0,0,0,0,,10
,,,,,,FG-VIJSHW,,,,0,0,0,0,,AG92White,0,4.63,0,4.63,0,
,,,,,,FG-VIJSHW,,,,0,0,0,0,0,CZSRNDMIXMIXMIX,1,0.75,,0.75,0,
COMPANY STOCK,SLVRNGREGREG-168,SLVRNGREGREG-168-1,"92,WHITE",SRNG51068,PMJ&GEMS-B-C-Vizag-SHOWROOM,FINISHED GOODS-VTZSHW,,KANTILAL CHHOTALAL,,1,2.65,2.49,0,0,,0,0,0,0,,10
,,,,,,FINISHED GOODS-VTZSHW,,,,0,0,0,0,,AG92White,0,2.49,0,2.49,0,
,,,,,,FINISHED GOODS-VTZSHW,,,,0,0,0,0,0,CZSRNDMIXMIXMIX,1,0.8,,0.8,0,
COMPANY STOCK,SLVRNGREGREG-196,SLVRNGREGREG-196-1,"92,WHITE",SRNG51379,PMJ&GEMS-B-C-BANGALORE-SHOWROOM,FINISHED GOODS-BLRSHW,,KANTILAL CHHOTALAL,,1,4.47,4.276,0,0,,0,0,0,0,,10
,,,,,,FINISHED GOODS-BLRSHW,,,,0,0,0,0,0,CZSRNDMIXMIXMIX,1,0.5,,0.5,0,
,,,,,,FINISHED GOODS-BLRSHW,,,,0,0,0,0,,AG92White,0,4.276,0,4.276,0,
,,,,,,FINISHED GOODS-BLRSHW,,,,0,0,0,0,0,CZSRNDMIXMIXMIX,41,0.47,,0.47,0,
COMPANY STOCK,SLVRNGREGREG-153,SLVRNGREGREG-153-1,"92,WHITE",SRNG51125,PMJ&GEMS-B-C-BANGALORE-SHOWROOM,FINISHED GOODS-BLRSHW,,KANTILAL CHHOTALAL,,1,2.99,2.89,0,0,,0,0,0,0,,10
,,,,,,FINISHED GOODS-BLRSHW,,,,0,0,0,0,,AG92White,0,2.89,0,2.89,0,
,,,,,,FINISHED GOODS-BLRSHW,,,,0,0,0,0,0,CZSRNDMIXMIXMIX,1,0.5,,0.5,0,
COMPANY STOCK,SLVRNGREGREG-290,SLVRNGREGREG-290-1,"92,WHITE",SRNG51482,PMJ&GEMS-B-C-Vizag-SHOWROOM,FINISHED GOODS-VTZSHW,,KANTILAL CHHOTALAL,,1,2.99,2.75,0,0,,0,0,0,0,,10
,,,,,,FINISHED GOODS-VTZSHW,,,,0,0,0,0,0,CZSRNDMIXMIXMIX,2,0.2,,0.2,0,
,,,,,,FINISHED GOODS-VTZSHW,,,,0,0,0,0,,AG92White,0,2.75,0,2.75,0,
,,,,,,FINISHED GOODS-VTZSHW,,,,0,0,0,0,0,CZSRNDMIXMIXMIX,1,1,,1,0,
COMPANY STOCK,SLVRNGREGREG-253,SLVRNGREGREG-253-1,"92,WHITE",SRNG51402,PMJ&GEMS-B-C-HIMAYATHNAGAR-SHOWROOM,FG-HIMSHW,,KANTILAL CHHOTALAL,,1,5.89,5.69,0,0,,0,0,0,0,,10
,,,,,,FG-HIMSHW,,,,0,0,0,0,,AG92White,0,5.69,0,5.69,0,
,,,,,,FG-HIMSHW,,,,0,0,0,0,0,CZSRNDMIXMIXMIX,1,1,,1,0,
COMPANY STOCK,SLVRNGREGREG-305,SLVRNGREGREG-305-1,"92,WHITE",SRNG51077,PMJ&GEMS-B-C-VIJAYAWADA-SHOWROOM,FG-VIJSHW,,KANTILAL CHHOTALAL,,1,2.44,2.272,0,0,,0,0,0,0,,10
,,,,,,FG-VIJSHW,,,,0,0,0,0,0,CZSRNDMIXMIXMIX,56,0.34,,0.34,0,
,,,,,,FG-VIJSHW,,,,0,0,0,0,,AG92White,0,2.272,0,2.272,0,
,,,,,,FG-VIJSHW,,,,0,0,0,0,0,CZSRNDMIXMIXMIX,1,0.5,,0.5,0,
COMPANY STOCK,SLVRNGREGREG-158,SLVRNGREGREG-158-1,"92,WHITE",SRNG51137,PMJ&GEMS-B-C-HIMAYATHNAGAR-SHOWROOM,FG-HIMSHW,,KANTILAL CHHOTALAL,,1,3.09,2.978,0,0,,0,0,0,0,,10
,,,,,,FG-HIMSHW,,,,0,0,0,0,0,CZSRNDMIXMIXMIX,1,0.5,,0.5,0,
,,,,,,FG-HIMSHW,,,,0,0,0,0,,AG92White,0,2.978,0,2.978,0,
,,,,,,FG-HIMSHW,,,,0,0,0,0,0,CZSRNDMIXMIXMIX,2,0.06,,0.06,0,
COMPANY STOCK,SLVRNGREGREG-306,SLVRNGREGREG-306-1,"92,WHITE",SRNG51339,PMJ&GEMS-B-C-VIJAYAWADA-SHOWROOM,FG-VIJSHW,,KANTILAL CHHOTALAL,,1,3.14,2.996,0,0,,0,0,0,0,,10
,,,,,,FG-VIJSHW,,,,0,0,0,0,0,CZSRNDMIXMIXMIX,1,0.5,,0.5,0,
,,,,,,FG-VIJSHW,,,,0,0,0,0,,AG92White,0,2.996,0,2.996,0,
,,,,,,FG-VIJSHW,,,,0,0,0,0,0,CZSRNDMIXMIXMIX,22,0.22,,0.22,0,
COMPANY STOCK,SLVRNGREGREG-195,SLVRNGREGREG-195-1,"92,WHITE",SRNG51280,PMJ&GEMS-B-C-BANJARA HILLS-SHOWROOM,FG-BHSHW,,KANTILAL CHHOTALAL,,1,2.84,2.702,0,0,,0,0,0,0,,10
,,,,,,FG-BHSHW,,,,0,0,0,0,0,CZSRNDMIXMIXMIX,12,0.19,,0.19,0,
,,,,,,FG-BHSHW,,,,0,0,0,0,,AG92White,0,2.702,0,2.702,0,
,,,,,,FG-BHSHW,,,,0,0,0,0,0,CZSRNDMIXMIXMIX,1,0.5,,0.5,0,
COMPANY STOCK,SLVRNGREGREG-186,SLVRNGREGREG-186-1,"92,WHITE",SRNG50910,PMJ&GEMS-B-C-HIMAYATHNAGAR-SHOWROOM,FG-HIMSHW,,KANTILAL CHHOTALAL,,1,3.29,3.11,0,0,,0,0,0,0,,10
,,,,,,FG-HIMSHW,,,,0,0,0,0,0,CZSRNDMIXMIXMIX,18,0.2,,0.2,0,
,,,,,,FG-HIMSHW,,,,0,0,0,0,,AG92White,0,3.11,0,3.11,0,
,,,,,,FG-HIMSHW,,,,0,0,0,0,0,CZSRNDMIXMIXMIX,1,0.7,,0.7,0,
COMPANY STOCK,SLVRNGREGREG-171,SLVRNGREGREG-171-1,"92,WHITE",SRNG51424,PMJ&GEMS-B-C-HIMAYATHNAGAR-SHOWROOM,FG-HIMSHW,,KANTILAL CHHOTALAL,,1,8.15,7.95,0,0,,0,0,0,0,,10
,,,,,,FG-HIMSHW,,,,0,0,0,0,0,CZSRNDMIXMIXMIX,1,1,,1,0,
,,,,,,FG-HIMSHW,,,,0,0,0,0,,AG92White,0,7.95,0,7.95,0,
COMPANY STOCK,SLVRNGREGREG-130,SLVRNGREGREG-130-1,"92,WHITE",SRNG50976,PMJ&GEMS-B-C-Vizag-SHOWROOM,FINISHED GOODS-VTZSHW,,KANTILAL CHHOTALAL,,1,3.26,3.042,0,0,,0,0,0,0,,10
,,,,,,FINISHED GOODS-VTZSHW,,,,0,0,0,0,0,CZSRNDMIXMIXMIX,1,1,,1,0,
,,,,,,FINISHED GOODS-VTZSHW,,,,0,0,0,0,,AG92White,0,3.042,0,3.042,0,
,,,,,,FINISHED GOODS-VTZSHW,,,,0,0,0,0,0,CZSRNDMIXMIXMIX,22,0.09,,0.09,0,
COMPANY STOCK,SLVRNGREGREG-355,SLVRNGREGREG-355-1,"92,WHITE",SRNG51451,PMJ&GEMS-B-C-Vizag-SHOWROOM,FINISHED GOODS-VTZSHW,,KANTILAL CHHOTALAL,,1,4.06,3.86,0,0,,0,0,0,0,,10
,,,,,,FINISHED GOODS-VTZSHW,,,,0,0,0,0,,AG92White,0,3.86,0,3.86,0,
,,,,,,FINISHED GOODS-VTZSHW,,,,0,0,0,0,0,CZSRNDMIXMIXMIX,1,1,,1,0,
COMPANY STOCK,SLVRNGREGREG-250,SLVRNGREGREG-250-1,"92,WHITE",SRNG51569,PMJ&GEMS-B-C-VIJAYAWADA-SHOWROOM,FG-VIJSHW,,KANTILAL CHHOTALAL,,1,5.49,5.156,0,0,,0,0,0,0,,10
,,,,,,FG-VIJSHW,,,,0,0,0,0,0,CZSRNDMIXMIXMIX,1,0.75,,0.75,0,
,,,,,,FG-VIJSHW,,,,0,0,0,0,,AG92White,0,5.156,0,5.156,0,
,,,,,,FG-VIJSHW,,,,0,0,0,0,0,CZSRNDMIXMIXMIX,135,0.92,,0.92,0,
COMPANY STOCK,SLVRNGREGREG-216,SLVRNGREGREG-216-1,"92,WHITE",SRNG50991,PMJ&GEMS-B-C-VIJAYAWADA-SHOWROOM,FG-VIJSHW,,KANTILAL CHHOTALAL,,1,3.22,2.802,0,0,,0,0,0,0,,10
,,,,,,FG-VIJSHW,,,,0,0,0,0,0,CZSRNDMIXMIXMIX,1,1.5,,1.5,0,
,,,,,,FG-VIJSHW,,,,0,0,0,0,,AG92White,0,2.802,0,2.802,0,
,,,,,,FG-VIJSHW,,,,0,0,0,0,0,CZSRNDMIXMIXMIX,83,0.59,,0.59,0,
COMPANY STOCK,SLVRNGREGREG-372,SLVRNGREGREG-372-1,"92,WHITE",SRNG51322,PMJ&GEMS-B-C-VIJAYAWADA-SHOWROOM,FG-VIJSHW,,KANTILAL CHHOTALAL,,1,2.97,2.73,0,0,,0,0,0,0,,10
,,,,,,FG-VIJSHW,,,,0,0,0,0,0,CZSRNDMIXMIXMIX,2,0.2,,0.2,0,
,,,,,,FG-VIJSHW,,,,0,0,0,0,,AG92White,0,2.73,0,2.73,0,
,,,,,,FG-VIJSHW,,,,0,0,0,0,0,CZSRNDMIXMIXMIX,1,1,,1,0,
COMPANY STOCK,SLVRNGREGREG-138,SLVRNGREGREG-138-1,"92,WHITE",SRNG51176,PMJ&GEMS-B-C-Vizag-SHOWROOM,FINISHED GOODS-VTZSHW,,KANTILAL CHHOTALAL,,1,4.04,3.84,0,0,,0,0,0,0,,10
,,,,,,FINISHED GOODS-VTZSHW,,,,0,0,0,0,,AG92White,0,3.84,0,3.84,0,
,,,,,,FINISHED GOODS-VTZSHW,,,,0,0,0,0,0,CZSRNDMIXMIXMIX,1,1,,1,0,
COMPANY STOCK,SLVRNGREGREG-232,SLVRNGREGREG-232-1,"92,WHITE",SRNG51091,PMJ&GEMS-B-C-Vizag-SHOWROOM,FINISHED GOODS-VTZSHW,,KANTILAL CHHOTALAL,,1,3.35,2.932,0,0,,0,0,0,0,,10
,,,,,,FINISHED GOODS-VTZSHW,,,,0,0,0,0,0,CZSRNDMIXMIXMIX,83,0.59,,0.59,0,
,,,,,,FINISHED GOODS-VTZSHW,,,,0,0,0,0,,AG92White,0,2.932,0,2.932,0,
,,,,,,FINISHED GOODS-VTZSHW,,,,0,0,0,0,0,CZSRNDMIXMIXMIX,1,1.5,,1.5,0,
COMPANY STOCK,SLVRNGREGREG-268,SLVRNGREGREG-268-1,"92,WHITE",SRNG51353,PMJ&GEMS-B-C-BANJARA HILLS-SHOWROOM,FG-BHSHW,,KANTILAL CHHOTALAL,,1,3.05,2.81,0,0,,0,0,0,0,,10
,,,,,,FG-BHSHW,,,,0,0,0,0,0,CZSRNDMIXMIXMIX,2,0.2,,0.2,0,
,,,,,,FG-BHSHW,,,,0,0,0,0,,AG92White,0,2.81,0,2.81,0,
,,,,,,FG-BHSHW,,,,0,0,0,0,0,CZSRNDMIXMIXMIX,1,1,,1,0,
COMPANY STOCK,SLVRNGREGREG-378,SLVRNGREGREG-378-1,"92,WHITE",SRNG51163,PMJ&GEMS-B-C-VIJAYAWADA-SHOWROOM,FG-VIJSHW,,KANTILAL CHHOTALAL,,1,2.58,2.36,0,0,,0,0,0,0,,10
,,,,,,FG-VIJSHW,,,,0,0,0,0,0,CZSRNDMIXMIXMIX,1,0.7,,0.7,0,
,,,,,,FG-VIJSHW,,,,0,0,0,0,,AG92White,0,2.36,0,2.36,0,
,,,,,,FG-VIJSHW,,,,0,0,0,0,0,CZSRNDMIXMIXMIX,2,0.4,,0.4,0,
COMPANY STOCK,SLVRNGREGREG-280,SLVRNGREGREG-280-1,"92,WHITE",SRNG51110,PMJ&GEMS-B-C-HIMAYATHNAGAR-SHOWROOM,FG-HIMSHW,,KANTILAL CHHOTALAL,,1,3.11,2.874,0,0,,0,0,0,0,,10
,,,,,,FG-HIMSHW,,,,0,0,0,0,0,CZSRNDMIXMIXMIX,12,0.68,,0.68,0,
,,,,,,FG-HIMSHW,,,,0,0,0,0,,AG92White,0,2.874,0,2.874,0,
,,,,,,FG-HIMSHW,,,,0,0,0,0,0,CZSRNDMIXMIXMIX,1,0.5,,0.5,0,
COMPANY STOCK,SLVRNGREGREG-184,SLVRNGREGREG-184-1,"92,WHITE",SRNG51089,PMJ&GEMS-B-C-HIMAYATHNAGAR-SHOWROOM,FG-HIMSHW,,KANTILAL CHHOTALAL,,1,3.05,2.904,0,0,,0,0,0,0,,10
,,,,,,FG-HIMSHW,,,,0,0,0,0,0,CZSRNDMIXMIXMIX,1,0.7,,0.7,0,
,,,,,,FG-HIMSHW,,,,0,0,0,0,,AG92White,0,2.904,0,2.904,0,
,,,,,,FG-HIMSHW,,,,0,0,0,0,0,CZSRNDMIXMIXMIX,8,0.03,,0.03,0,
COMPANY STOCK,SLVRNGREGREG-131,SLVRNGREGREG-131-1,"92,WHITE",SRNG50987,PMJ&GEMS-B-C-HIMAYATHNAGAR-SHOWROOM,FG-HIMSHW,,KANTILAL CHHOTALAL,,1,3.27,3.15,0,0,,0,0,0,0,,10
,,,,,,FG-HIMSHW,,,,0,0,0,0,0,CZSRNDMIXMIXMIX,1,0.5,,0.5,0,
,,,,,,FG-HIMSHW,,,,0,0,0,0,,AG92White,0,3.15,0,3.15,0,
,,,,,,FG-HIMSHW,,,,0,0,0,0,0,CZSRNDMIXMIXMIX,14,0.1,,0.1,0,
COMPANY STOCK,SLVRNGREGREG-152,SLVRNGREGREG-152-1,"92,WHITE",SRNG51558,PMJ&GEMS-B-C-BANGALORE-SHOWROOM,FINISHED GOODS-BLRSHW,,KANTILAL CHHOTALAL,,1,3.86,3.404,0,0,,0,0,0,0,,10
,,,,,,FINISHED GOODS-BLRSHW,,,,0,0,0,0,0,CZSRNDMIXMIXMIX,38,0.38,,0.38,0,
,,,,,,FINISHED GOODS-BLRSHW,,,,0,0,0,0,,AG92White,0,3.404,0,3.404,0,
,,,,,,FINISHED GOODS-BLRSHW,,,,0,0,0,0,0,CZSRNDMIXMIXMIX,1,1.9,,1.9,0,
COMPANY STOCK,SLVRNGREGREG-173,SLVRNGREGREG-173-1,"92,WHITE",SRNG51076,PMJ&GEMS-B-C-VIJAYAWADA-SHOWROOM,FG-VIJSHW,,KANTILAL CHHOTALAL,,1,2.05,1.95,0,0,,0,0,0,0,,10
,,,,,,FG-VIJSHW,,,,0,0,0,0,0,CZSRNDMIXMIXMIX,1,0.5,,0.5,0,
,,,,,,FG-VIJSHW,,,,0,0,0,0,,AG92White,0,1.95,0,1.95,0,
COMPANY STOCK,SLVRNGREGREG-124,SLVRNGREGREG-124-1,"92,WHITE",SRNG51567,PMJ&GEMS-B-C-Vizag-SHOWROOM,FINISHED GOODS-VTZSHW,,KANTILAL CHHOTALAL,,1,5.99,5.79,0,0,,0,0,0,0,,10
,,,,,,FINISHED GOODS-VTZSHW,,,,0,0,0,0,,AG92White,0,5.79,0,5.79,0,
,,,,,,FINISHED GOODS-VTZSHW,,,,0,0,0,0,0,CZSRNDMIXMIXMIX,1,1,,1,0,
COMPANY STOCK,SLVRNGREGREG-347,SLVRNGREGREG-347-1,"92,WHITE",SRNG51230,PMJ&GEMS-B-C-VIJAYAWADA-SHOWROOM,FG-VIJSHW,,KANTILAL CHHOTALAL,,1,3.32,3.22,0,0,,0,0,0,0,,10
,,,,,,FG-VIJSHW,,,,0,0,0,0,,AG92White,0,3.22,0,3.22,0,
,,,,,,FG-VIJSHW,,,,0,0,0,0,0,CZSRNDMIXMIXMIX,1,0.5,,0.5,0,
COMPANY STOCK,SLVRNGREGREG-257,SLVRNGREGREG-257-1,"92,WHITE",SRNG51493,PMJ&GEMS-B-C-HIMAYATHNAGAR-SHOWROOM,FG-HIMSHW,,KANTILAL CHHOTALAL,,1,2.42,2.26,0,0,,0,0,0,0,,10
,,,,,,FG-HIMSHW,,,,0,0,0,0,,AG92White,0,2.26,0,2.26,0,
,,,,,,FG-HIMSHW,,,,0,0,0,0,0,CZSRNDMIXMIXMIX,1,0.8,,0.8,0,
COMPANY STOCK,SLVRNGREGREG-289,SLVRNGREGREG-289-1,"92,WHITE",SRNG51395,PMJ&GEMS-B-C-HIMAYATHNAGAR-SHOWROOM,FG-HIMSHW,,KANTILAL CHHOTALAL,,1,2.99,2.75,0,0,,0,0,0,0,,10
,,,,,,FG-HIMSHW,,,,0,0,0,0,0,CZSRNDMIXMIXMIX,1,1,,1,0,
,,,,,,FG-HIMSHW,,,,0,0,0,0,,AG92White,0,2.75,0,2.75,0,
,,,,,,FG-HIMSHW,,,,0,0,0,0,0,CZSRNDMIXMIXMIX,2,0.2,,0.2,0,
COMPANY STOCK,SLVRNGREGREG-320,SLVRNGREGREG-320-1,"92,WHITE",SRNG51192,PMJ&GEMS-B-C-HIMAYATHNAGAR-SHOWROOM,FG-HIMSHW,,KANTILAL CHHOTALAL,,1,3.31,3.092,0,0,,0,0,0,0,,10
,,,,,,FG-HIMSHW,,,,0,0,0,0,0,CZSRNDMIXMIXMIX,22,0.09,,0.09,0,
,,,,,,FG-HIMSHW,,,,0,0,0,0,,AG92White,0,3.092,0,3.092,0,
,,,,,,FG-HIMSHW,,,,0,0,0,0,0,CZSRNDMIXMIXMIX,1,1,,1,0,
COMPANY STOCK,SLVRNGREGREG-207,SLVRNGREGREG-207-1,"92,WHITE",SRNG51219,PMJ&GEMS-B-C-HIMAYATHNAGAR-SHOWROOM,FG-HIMSHW,,KANTILAL CHHOTALAL,,1,2.37,2.202,0,0,,0,0,0,0,,10
,,,,,,FG-HIMSHW,,,,0,0,0,0,0,CZSRNDMIXMIXMIX,56,0.34,,0.34,0,
,,,,,,FG-HIMSHW,,,,0,0,0,0,,AG92White,0,2.202,0,2.202,0,
,,,,,,FG-HIMSHW,,,,0,0,0,0,0,CZSRNDMIXMIXMIX,1,0.5,,0.5,0,
COMPANY STOCK,SLVRNGREGREG-269,SLVRNGREGREG-269-1,"92,WHITE",SRNG51263,PMJ&GEMS-B-C-Vizag-SHOWROOM,FINISHED GOODS-VTZSHW,,KANTILAL CHHOTALAL,,1,3.09,2.854,0,0,,0,0,0,0,,10
,,,,,,FINISHED GOODS-VTZSHW,,,,0,0,0,0,0,CZSRNDMIXMIXMIX,12,0.68,,0.68,0,
,,,,,,FINISHED GOODS-VTZSHW,,,,0,0,0,0,,AG92White,0,2.854,0,2.854,0,
,,,,,,FINISHED GOODS-VTZSHW,,,,0,0,0,0,0,CZSRNDMIXMIXMIX,1,0.5,,0.5,0,
COMPANY STOCK,SLVRNGREGREG-106,SLVRNGREGREG-106-1,"92,WHITE",SRNG51430,PMJ&GEMS-B-C-Vizag-SHOWROOM,FINISHED GOODS-VTZSHW,,KANTILAL CHHOTALAL,,1,3.18,2.976,0,0,,0,0,0,0,,10
,,,,,,FINISHED GOODS-VTZSHW,,,,0,0,0,0,0,CZSRNDMIXMIXMIX,1,0.8,,0.8,0,
,,,,,,FINISHED GOODS-VTZSHW,,,,0,0,0,0,,AG92White,0,2.976,0,2.976,0,
,,,,,,FINISHED GOODS-VTZSHW,,,,0,0,0,0,0,CZSRNDMIXMIXMIX,18,0.22,,0.22,0,
COMPANY STOCK,SLVRNGREGREG-150,SLVRNGREGREG-150-1,"92,WHITE",SRNG51122,PMJ&GEMS-B-C-BANJARA HILLS-SHOWROOM,FG-BHSHW,,KANTILAL CHHOTALAL,,1,2.67,2.53,0,0,,0,0,0,0,,10
,,,,,,FG-BHSHW,,,,0,0,0,0,,AG92White,0,2.53,0,2.53,0,
,,,,,,FG-BHSHW,,,,0,0,0,0,0,CZSRNDMIXMIXMIX,1,0.7,,0.7,0,
COMPANY STOCK,SLVRNGREGREG-271,SLVRNGREGREG-271-1,"92,WHITE",SRNG51011,PMJ&GEMS-B-C-BANJARA HILLS-SHOWROOM,FG-BHSHW,,KANTILAL CHHOTALAL,,1,3.68,3.58,0,0,,0,0,0,0,,10
,,,,,,FG-BHSHW,,,,0,0,0,0,,AG92White,0,3.58,0,3.58,0,
,,,,,,FG-BHSHW,,,,0,0,0,0,0,CZSRNDMIXMIXMIX,1,0.5,,0.5,0,
COMPANY STOCK,SLVRNGREGREG-103,SLVRNGREGREG-103-1,"92,WHITE",SRNG51159,PMJ&GEMS-B-C-VIJAYAWADA-SHOWROOM,FG-VIJSHW,,KANTILAL CHHOTALAL,,1,2.74,2.602,0,0,,0,0,0,0,,10
,,,,,,FG-VIJSHW,,,,0,0,0,0,0,CZSRNDMIXMIXMIX,12,0.19,,0.19,0,
,,,,,,FG-VIJSHW,,,,0,0,0,0,,AG92White,0,2.602,0,2.602,0,
,,,,,,FG-VIJSHW,,,,0,0,0,0,0,CZSRNDMIXMIXMIX,1,0.5,,0.5,0,
COMPANY STOCK,SLVRNGREGREG-300,SLVRNGREGREG-300-1,"92,WHITE",SRNG51153,PMJ&GEMS-B-C-VIJAYAWADA-SHOWROOM,FG-VIJSHW,,KANTILAL CHHOTALAL,,1,3.19,2.958,0,0,,0,0,0,0,,10
,,,,,,FG-VIJSHW,,,,0,0,0,0,0,CZSRNDMIXMIXMIX,12,0.36,,0.36,0,
,,,,,,FG-VIJSHW,,,,0,0,0,0,,AG92White,0,2.958,0,2.958,0,
,,,,,,FG-VIJSHW,,,,0,0,0,0,0,CZSRNDMIXMIXMIX,1,0.8,,0.8,0,
COMPANY STOCK,SLVRNGREGREG-361,SLVRNGREGREG-361-1,"92,WHITE",SRNG51384,PMJ&GEMS-B-C-BANGALORE-SHOWROOM,FINISHED GOODS-BLRSHW,,KANTILAL CHHOTALAL,,1,3.62,3.362,0,0,,0,0,0,0,,10
,,,,,,FINISHED GOODS-BLRSHW,,,,0,0,0,0,0,CZSRNDMIXMIXMIX,64,0.29,,0.29,0,
,,,,,,FINISHED GOODS-BLRSHW,,,,0,0,0,0,,AG92White,0,3.362,0,3.362,0,
,,,,,,FINISHED GOODS-BLRSHW,,,,0,0,0,0,0,CZSRNDMIXMIXMIX,1,1,,1,0,
COMPANY STOCK,SLVRNGREGREG-217,SLVRNGREGREG-217-1,"92,WHITE",SRNG51239,PMJ&GEMS-B-C-BANJARA HILLS-SHOWROOM,FG-BHSHW,,KANTILAL CHHOTALAL,,1,2.67,2.57,0,0,,0,0,0,0,,10
,,,,,,FG-BHSHW,,,,0,0,0,0,,AG92White,0,2.57,0,2.57,0,
,,,,,,FG-BHSHW,,,,0,0,0,0,0,CZSRNDMIXMIXMIX,1,0.5,,0.5,0,
COMPANY STOCK,SLVRNGREGREG-104,SLVRNGREGREG-104-1,"92,WHITE",SRNG50995,PMJ&GEMS-B-C-HIMAYATHNAGAR-SHOWROOM,FG-HIMSHW,,KANTILAL CHHOTALAL,,1,2.35,2.15,0,0,,0,0,0,0,,10
,,,,,,FG-HIMSHW,,,,0,0,0,0,,AG92White,0,2.15,0,2.15,0,
,,,,,,FG-HIMSHW,,,,0,0,0,0,0,CZSRNDMIXMIXMIX,1,1,,1,0,
COMPANY STOCK,SLVRNGREGREG-120,SLVRNGREGREG-120-1,"92,WHITE",SRNG51202,PMJ&GEMS-B-C-BANGALORE-SHOWROOM,FINISHED GOODS-BLRSHW,,KANTILAL CHHOTALAL,,1,3.7,3.5,0,0,,0,0,0,0,,10
,,,,,,FINISHED GOODS-BLRSHW,,,,0,0,0,0,,AG92White,0,3.5,0,3.5,0,
,,,,,,FINISHED GOODS-BLRSHW,,,,0,0,0,0,0,CZSRNDMIXMIXMIX,1,1,,1,0,
COMPANY STOCK,SLVRNGREGREG-241,SLVRNGREGREG-241-1,"92,WHITE",SRNG50928,PMJ&GEMS-B-C-VIJAYAWADA-SHOWROOM,FG-VIJSHW,,KANTILAL CHHOTALAL,,1,4.08,3.808,0,0,,0,0,0,0,,10
,,,,,,FG-VIJSHW,,,,0,0,0,0,0,CZSRNDMIXMIXMIX,42,0.36,,0.36,0,
,,,,,,FG-VIJSHW,,,,0,0,0,0,,AG92White,0,3.808,0,3.808,0,
,,,,,,FG-VIJSHW,,,,0,0,0,0,0,CZSRNDMIXMIXMIX,1,1,,1,0,
COMPANY STOCK,SLVRNGREGREG-105,SLVRNGREGREG-105-1,"92,WHITE",SRNG51079,PMJ&GEMS-B-C-BANGALORE-SHOWROOM,FINISHED GOODS-BLRSHW,,KANTILAL CHHOTALAL,,1,3.79,3.492,0,0,,0,0,0,0,,10
,,,,,,FINISHED GOODS-BLRSHW,,,,0,0,0,0,0,CZSRNDMIXMIXMIX,64,0.49,,0.49,0,
,,,,,,FINISHED GOODS-BLRSHW,,,,0,0,0,0,,AG92White,0,3.492,0,3.492,0,
,,,,,,FINISHED GOODS-BLRSHW,,,,0,0,0,0,0,CZSRNDMIXMIXMIX,1,1,,1,0,
