variant_name,product_type,category,sub_category,sub_sub_category,gold_diamond_uncut,display_in_ui
MCNBNGS12REG,Machin_made,Bangle,12Pcs,Regular,Diamond,No
OLDGOLD18K,Old,Gold,18K,,Gold,Yes
OLDGOLD22K,Old,Gold,22K,,Gold,Yes
MCNBNGS06REG,Machin_made,Bangle,6Pcs,Regular,Diamond,No
MCNBNGS06ROD,Machin_made,Bangle,6Pcs,Rhodium,Diamond,No
MCNBNGS08REG,Machin_made,Bangle,8Pcs,Regular,Diamond,No
MCNBNGS08ROD,Machin_made,Bangle,8Pcs,Rhodium,Diamond,No
OPNPNDALPREG,Open_Setting,Pendant,Alpha,Regular,Diamond,No
CSTRNGBBYREG,Customer,Ring,Baby,Regular,Diamond,No
CZARNGBBYREG,Cubic_Zirconia,Ring,Baby,Regular,Diamond,No
CDIBLMBABYBABY,Colour_Diamond,Bletmoguppu,Baby,Baby,Diamond,No
CDICKRBAJUBAJU,Colour_Diamond,Chokar_Tops,Bajubandh_cum_Chokar,Bajubandh_cum_Chokar,Diamond,No
OPNERNBALJBL,Open_Setting,Earring,Bali,J_Bali,Diamond,Yes
OPNERNBALRBL,Open_Setting,Earring,Bali,Round_Bali,Diamond,No
OPNMATBLIPNT,Open_Setting,Matching_Tops,Bali,Pendant,Diamond,No
CLSERNBALJBL,Close_Setting,Earring,Bali,J_Bali,Diamond,No
CZAERNBLIREG,Cubic_Zirconia,Earring,Bali,Regular,Diamond,No
CSTERNBLIREG,Customer,Earring,Bali,Regular,Diamond,No
PLGBRCBNGREG,Plain_Gold,Bracelet,Bangle,Regular,Diamond,No
OPNNECKNTMUM,Open_Setting,Necklace,Big,Mumbai,Diamond,No
OPNNECKNTREG,Open_Setting,Necklace,Big,Regular,Diamond,No
CLSNECKNTHYD,Close_Setting,Necklace,Big,Hyderabad,Diamond,No
CDIJDABILLBILL,Colour_Diamond,Jada,Billa,Billa,Diamond,No
FDIMTLCHAMCHAM,Full_Diamond,Matil,Champaswaralu,Champaswaralu,Diamond,No
GTPMATCHBREG,Guttapusulu,Matching_Tops,Chandbali,Regular,Diamond,No
UPCMATCHBREG,Uncut_polki_collection,Matching_Tops,Chandbali,Regular,Diamond,No
UPCERNCHBREG,Uncut_polki_collection,Earring,Chandbali,Regular,Diamond,No
VCLERNCHBREG,Victorian_Collection,Earring,Chandbali,Regular,Diamond,No
ANCMATCHBREG,Antiq,Matching_Tops,Chandbali,Regular,Diamond,No
OPNERNCHBREG,Open_Setting,Earring,Chandbali,Regular,Diamond,No
KUNERNCHBREG,Kundan,Earring,Chandbali,Regular,Diamond,No
ANCERNCHBREG,Antiq,Earring,Chandbali,Regular,Diamond,No
TMCERNCHBREG,Temple,Earring,Chandbali,Regular,Diamond,No
CLSERNCHBREG,Close_Setting,Earring,Chandbali,Regular,Diamond,No
UPCMATCHBMNG,Uncut_polki_collection,Matching_Tops,Chandbali,Mango,Diamond,No
CPIERNCHBREG,Chakri_Product,Earring,Chandbali,Regular,Diamond,No
CPIMATCHBREG,Chakri_Product,Matching_Tops,Chandbali,Regular,Diamond,No
ITLERNCHBREG,Itealian,Earring,Chandbali,Regular,Diamond,No
CZAERNCHBREG,Cubic_Zirconia,Earring,Chandbali,Regular,Diamond,No
CSTERNCHBREG,Customer,Earring,Chandbali,Regular,Diamond,No
RESERNCHBREG,Ruby_Emerald_Stones,Earring,Chandbali,Regular,Diamond,No
VCLMATCHBREG,Victorian_Collection,Matching_Tops,Chandbali,Regular,Diamond,No
GTPERNCHBREG,Guttapusulu,Earring,Chandbali,Regular,Diamond,No
RESMATCHBREG,Ruby_Emerald_Stones,Matching_Tops,Chandbali,Regular,Diamond,No
OPNMATCHBCKT,Open_Setting,Matching_Tops,Chandbali,Chokar_Tops,Diamond,No
CDIERNCHNDCHND,Colour_Diamond,Earring,Chandelier,Chandelier,Diamond,No
CDIERNCNDLCNDL,Colour_Diamond,Earring,Chandelier,Chandelier,Diamond,No
FDIERNCNDLCNDL,Full_Diamond,Earring,Chandelier,Chandelier,Diamond,No
OPNJMKCJMREG,Open_Setting,Jhumki,Chand-Jhumka,Regular,Diamond,No
OPNJMKCJMCJM,Open_Setting,Jhumki,Chand-Jhumka,Chand-Jhumka,Diamond,No
OPNERNCNGREG,Open_Setting,Earring,Changeable,Regular,Uncut/Gold,Yes
CLSERNCNGREG,Close_Setting,Earring,Changeable,Regular,Diamond,No
VCLMATCKTREG,Victorian_Collection,Matching_Tops,Chokar_Tops,Regular,Diamond,No
OPNPNDTGRREG,Open_Setting,Pendant,Close_Setting,Regular,Diamond,No
CLSPNDTGRREG,Close_Setting,Pendant,Close_Setting,Regular,Diamond,No
CLSNSPNTHREG,Close_Setting,Nose_Pin,Colour_Dia,Regular,Diamond,No
LBDNSPNTHFDI,LB_Diamond,Nose_Pin,Colour_Dia,Full_Diamond,Diamond,No
OPNNSPNTHREG,Open_Setting,Nose_Pin,Colour_Dia,Regular,Diamond,No
OPNPNDDHKMCH,Open_Setting,Pendant,Colour_Dia-Close,Mess_Chain,Diamond/Uncut,Yes
CLSPNDDHKCDI,Close_Setting,Pendant,Colour_Dia-Close,Colour_Diamond,Gold/Uncut,Yes
OPNPNDDHKFDI,Open_Setting,Pendant,Colour_Dia-Close,Full_Diamond,Diamond,No
OPNPNDDHKCDI,Open_Setting,Pendant,Colour_Dia-Close,Colour_Diamond,Diamond,No
OPNPNDDHKPUS,Open_Setting,Pendant,Colour_Dia-Close,Pusta,Diamond,No
OPNPNDDHKDCH,Open_Setting,Pendant,Colour_Dia-Close,Diamond_Chain,Diamond,No
LRGPNDDHKCDI,Large,Pendant,Colour_Dia-Close,Colour_Diamond,Diamond,No
OPNPNDDHKSDP,Open_Setting,Pendant,Colour_Dia-Close,Side_Pcs,Diamond,No
LSPPNDDHKCDI,Luxury_Special_Product,Pendant,Colour_Dia-Close,Colour_Diamond,Diamond,No
CLSPNDDHKPUS,Close_Setting,Pendant,Colour_Dia-Close,Pusta,Diamond,No
CLSPNDDHKSDP,Close_Setting,Pendant,Colour_Dia-Close,Side_Pcs,Diamond,No
CLSPNDDHKFDI,Close_Setting,Pendant,Colour_Dia-Close,Full_Diamond,Diamond,No
LSPCKTCDIG,Luxury_Special_Product,Chokar_Tops,Colour_Diamond,,Gold,Yes
LSPCKRCDIM,Luxury_Special_Product,Chokar_Tops,Colour_Diamond,,Gold,Yes
LSPSTNCDIG,Luxury_Special_Product,Necklace,Colour_Diamond,,Gold,Yes
LBDPNDCDIG,LB_Diamond,Pendant,Colour_Diamond,,Gold,Yes
LBDBLMCDIM,LB_Diamond,Bletmoguppu,Colour_Diamond,,Gold,Yes
LRGHATCDIG,Large,Haram_Tops,Colour_Diamond,,Gold,Yes
LRGHARCDIM,Large,Haram,Colour_Diamond,,Gold,Yes
LBDHARCDIM4,LB_Diamond,Haram,Colour_Diamond,,Gold,Yes
LRGHATCDIG0,Large,Haram_Tops,Colour_Diamond,,Gold,Yes
LRGHARCDIM1,Large,Haram,Colour_Diamond,,Gold,Yes
LRGNETCDIF1,Large,Necklace_Tops,Colour_Diamond,,Gold,Yes
LRGNECCDIH1,Large,Necklace,Colour_Diamond,,Gold,Yes
LSPRNGCDIG6,Luxury_Special_Product,Ring,Colour_Diamond,,Gold,Yes
LRGNECCDIM0,Large,Necklace,Colour_Diamond,,Diamond/Gold,Yes
LRGNECCDIM7,Large,Necklace,Colour_Diamond,,Diamond/Gold,Yes
LRGSTNCDID3,Large,Necklace,Colour_Diamond,,Diamond/Gold,Yes
LRGSTNCDIG7,Large,Necklace,Colour_Diamond,,Diamond/Gold,Yes
LBDBLMCDIM2,LB_Diamond,Bletmoguppu,Colour_Diamond,,Diamond/Gold,Yes
LBDCKRCDIM3,LB_Diamond,Chokar_Tops,Colour_Diamond,,Diamond/Gold,Yes
LBDCKRCDIM4,LB_Diamond,Chokar_Tops,Colour_Diamond,,Diamond/Gold,Yes
OLDGOLDPNDDHOK,Old,Gold,Diamond_Pendant,Double_Hook_Pendant,Diamond,No
CDINECDORIDORI,Colour_Diamond,Necklace,Dori,Dori,Diamond,No
OPNERNFANREG,Open_Setting,Earring,Fancy,Regular,Gold/Uncut,Yes
LRGNECFANCDI,Large,Necklace,Fancy,Colour_Diamond,Diamond,No
OPNNECFANREG,Open_Setting,Necklace,Fancy,Regular,Diamond,No
LRGHARFANCDI,Large,Haram,Fancy,Colour_Diamond,Diamond,No
LRGHATFANCDI,Large,Haram_Tops,Fancy,Colour_Diamond,Diamond,No
LRGNETFANCDI,Large,Necklace_Tops,Fancy,Colour_Diamond,Diamond,No
LRGBNGFANFDI,Large,Bangle,Fancy,Full_Diamond,Diamond,No
LRGSTNFANFDI,Large,Necklace,Fancy,Full_Diamond,Diamond,No
LRGHNGFANCDI,Large,Hanging,Fancy,Colour_Diamond,Diamond,No
LRGNECFANFDI,Large,Necklace,Fancy,Full_Diamond,Diamond,No
LRGPNTFANFDI,Large,Pendant,Fancy,Full_Diamond,Diamond,No
LRGHATFANFDI,Large,Haram_Tops,Fancy,Full_Diamond,Diamond,No
LRGHARFANFDI,Large,Haram,Fancy,Full_Diamond,Diamond,No
LRGHNGFANFDI,Large,Hanging,Fancy,Full_Diamond,Diamond,No
LRGCKTFANCDI,Large,Chokar_Tops,Fancy,Colour_Diamond,Diamond,No
LRGCKRFANCDI,Large,Chokar_Tops,Fancy,Colour_Diamond,Diamond,No
LRGCKRFANFDI,Large,Chokar_Tops,Fancy,Full_Diamond,Diamond,No
LRGNETFANFDI,Large,Necklace_Tops,Fancy,Full_Diamond,Diamond,No
LRGSTNFANCDI,Large,Necklace,Fancy,Colour_Diamond,Diamond,No
LRGNCTFANFDI,Large,Necklace_Tops,Fancy,Full_Diamond,Diamond,No
OPNMATFANNET,Open_Setting,Matching_Tops,Fancy,Necklace_Tops,Diamond,No
LRGBLTFANCDI,Large,Belt,Fancy,Colour_Diamond,Diamond,No
LSPNECFANCDI,Luxury_Special_Product,Necklace,Fancy,Colour_Diamond,Diamond,No
LSPNETFANCDI,Luxury_Special_Product,Necklace_Tops,Fancy,Colour_Diamond,Diamond,No
OPNMATFANREG,Open_Setting,Matching_Tops,Fancy,Regular,Diamond,No
LRGCKTFANFDI,Large,Chokar_Tops,Fancy,Full_Diamond,Diamond,No
CDIERNFANCFANC,Colour_Diamond,Earring,Fancy,Fancy,Diamond,No
CDIHARFANCFANC,Colour_Diamond,Haram,Fancy,Fancy,Diamond,No
FDIERNFANCFANC,Full_Diamond,Earring,Fancy,Fancy,Diamond,No
FDINECFANCFANC,Full_Diamond,Necklace,Fancy,Fancy,Diamond,No
OPNHARFAVFKV,Open_Setting,Haram,Favourite,Favrate_Kapat_V_Shape,Diamond,Yes
LBDNECFAVFDI,LB_Diamond,Necklace,Favourite,Full_Diamond,Diamond,No
OPNNECFAVGR1,Open_Setting,Necklace,Favourite,Blue,Diamond,No
OPNNECFAVBL3,Open_Setting,Necklace,Favourite,Blue,Diamond,No
OPNNECFAVRSG,Open_Setting,Necklace,Favourite,Rose_Gold,Diamond,No
OPNNECFAVRD1,Open_Setting,Necklace,Favourite,Red,Diamond,No
OPNNECFAVFKU,Open_Setting,Necklace,Favourite,Kapat_U_Shape,Diamond,No
OPNNECFAVRD3,Open_Setting,Necklace,Favourite,Red,Diamond,No
CLSERNFLRREG,Close_Setting,Earring,Flower,Regular,Diamond,Yes
CLSRNGGNTFDI,Close_Setting,Ring,Full_Dia,Full_Diamond,Uncut/Gold,Yes
OPNRNGGNTFDI,Open_Setting,Ring,Full_Dia,Full_Diamond,Diamond,No
CLSRNGGNTCDI,Close_Setting,Ring,Full_Dia,Colour_Diamond,Diamond,No
CSTRNGGNTROD,Customer,Ring,Full_Dia,Rhodium,Diamond,No
OPNBRCGNTFDI,Open_Setting,Bracelet,Full_Dia,Full_Diamond,Diamond,No
OPNRNGGNTSLT,Open_Setting,Ring,Full_Dia,Solitaire,Diamond,No
CSTRNGGNTREG,Customer,Ring,Full_Dia,Regular,Diamond,No
OPNRNGGNTPLN,Open_Setting,Ring,Full_Dia,Plain_Gold,Diamond,No
CSTRNGGNTGAN,Customer,Ring,Full_Dia,Gents,Diamond,No
LBDRNGGNTFDI,LB_Diamond,Ring,Full_Dia,Full_Diamond,Diamond,No
RESRNGGNTREG,Ruby_Emerald_Stones,Ring,Full_Dia,Regular,Diamond,No
TMCPNDGNTREG,Temple,Pendant,Full_Dia,Regular,Diamond,No
CSTRNGGNTGOD,Customer,Ring,Full_Dia,GOD_PND,Diamond,No
CLSRNGGNTSLT,Close_Setting,Ring,Full_Dia,Solitaire,Diamond,No
CZARNGGNTREG,Cubic_Zirconia,Ring,Full_Dia,Regular,Diamond,No
LRGNECFDIM2,Large,Necklace,Full_Diamond,,Gold,Yes
LRGBRCFDIH3,Large,Bracelet,Full_Diamond,,Diamond/Gold,Yes
LRGSTNFDIG6,Large,Necklace,Full_Diamond,,Diamond/Gold,Yes
CDIJDAFJDAFJDA,Colour_Diamond,Jada,Full_Jada,Full_Jada,Diamond,No
FDIRNGGENTGENT,Full_Diamond,Ring,Gents,Gents,Diamond,No
CLSPNDGODREG,Close_Setting,Pendant,GOD_PND,Regular,Diamond,No
OPNPNDGODREG,Open_Setting,Pendant,GOD_PND,Regular,Diamond,No
OPNMATHNGPNT,Open_Setting,Matching_Tops,Hanging,Pendant,Diamond,Yes
OPNMATHNGNET,Open_Setting,Matching_Tops,Hanging,Necklace_Tops,Diamond/Uncut,Yes
ANCERNHNGREG,Antiq,Earring,Hanging,Regular,Gold/Uncut,Yes
UPCERNHNGREG,Uncut_polki_collection,Earring,Hanging,Regular,Diamond,Yes
RESERNHNGMAL,Ruby_Emerald_Stones,Earring,Hanging,Mala,Diamond,No
UPCMATHNGREG,Uncut_polki_collection,Matching_Tops,Hanging,Regular,Diamond,No
ANCMATHNGREG,Antiq,Matching_Tops,Hanging,Regular,Diamond,No
TMCERNHNGREG,Temple,Earring,Hanging,Regular,Diamond,No
VCLMATHNGREG,Victorian_Collection,Matching_Tops,Hanging,Regular,Diamond,No
OPNMATHNGCKT,Open_Setting,Matching_Tops,Hanging,Chokar_Tops,Diamond,No
RESMATHNGREG,Ruby_Emerald_Stones,Matching_Tops,Hanging,Regular,Diamond,No
VCLERNHNGREG,Victorian_Collection,Earring,Hanging,Regular,Diamond,No
GTPMATHNGREG,Guttapusulu,Matching_Tops,Hanging,Regular,Diamond,No
RESERNHNGREG,Ruby_Emerald_Stones,Earring,Hanging,Regular,Diamond,No
CSTERNHNGREG,Customer,Earring,Hanging,Regular,Diamond,No
OPNMATHNGHAT,Open_Setting,Matching_Tops,Hanging,Haram_Tops,Diamond,No
GTPERNHNGREG,Guttapusulu,Earring,Hanging,Regular,Diamond,No
ITLMATHNGREG,Itealian,Matching_Tops,Hanging,Regular,Diamond,No
ITLERNHNGREG,Itealian,Earring,Hanging,Regular,Diamond,No
CLSMATHNGNET,Close_Setting,Matching_Tops,Hanging,Necklace_Tops,Diamond,No
TMCMATHNGREG,Temple,Matching_Tops,Hanging,Regular,Diamond,No
CPIMATHNGREG,Chakri_Product,Matching_Tops,Hanging,Regular,Diamond,No
LRGNETHNGCDI,Large,Necklace_Tops,Hanging,Colour_Diamond,Diamond,No
BLKERNHNGREG,Kalipoth,Earring,Hanging,Regular,Diamond,No
UPCMATHNGMNG,Uncut_polki_collection,Matching_Tops,Hanging,Mango,Diamond,No
TMCMATHNGKUN,Temple,Matching_Tops,Hanging,Kundan,Diamond,No
CZAERNHNGREG,Cubic_Zirconia,Earring,Hanging,Regular,Diamond,No
CDIERNHNGREG,Colour_Diamond,Earring,Hanging,Regular,Diamond,No
RJTERNHNGREG,Chain,Earring,Hanging,Regular,Diamond,No
CDIERNCHNGCHNG,Colour_Diamond,Earring,Hanging,Hanging,Diamond,No
ANCNECHARREG,Antiq,Necklace,Haram,Regular,Gold/Uncut,Yes
TMCNECHARREG,Temple,Necklace,Haram,Regular,Diamond,No
OLDGOLDHARBIGH,Old,Gold,Haram,Bigh,Diamond,No
ANCERNJHUREG,Antiq,Earring,Jhumka,Regular,Gold/Uncut,Yes
ANCMATJHUREG,Antiq,Matching_Tops,Jhumka,Regular,Diamond,No
OPNMATJHUNET,Open_Setting,Matching_Tops,Jhumka,Necklace_Tops,Diamond,No
OPNMATJHUCKT,Open_Setting,Matching_Tops,Jhumka,Chokar_Tops,Diamond,No
UPCMATJHUREG,Uncut_polki_collection,Matching_Tops,Jhumka,Regular,Diamond,No
VCLMATJHUREG,Victorian_Collection,Matching_Tops,Jhumka,Regular,Diamond,No
OPNMATJHUHAT,Open_Setting,Matching_Tops,Jhumka,Haram_Tops,Diamond,No
CPIMATJHUREG,Chakri_Product,Matching_Tops,Jhumka,Regular,Diamond,No
KUNMATJHUREG,Kundan,Matching_Tops,Jhumka,Regular,Diamond,No
TMCMATJHUREG,Temple,Matching_Tops,Jhumka,Regular,Diamond,No
ANCMATJHUMNG,Antiq,Matching_Tops,Jhumka,Mango,Diamond,No
GTPMATJHUREG,Guttapusulu,Matching_Tops,Jhumka,Regular,Diamond,No
OPNMATJHUPNT,Open_Setting,Matching_Tops,Jhumka,Pendant,Diamond,No
OPNRNGLDSFDI,Open_Setting,Ring,Ladies,Full_Diamond,Diamond,Yes
OPNBRCLDSCDI,Open_Setting,Bracelet,Ladies,Colour_Diamond,Diamond,Yes
OPNRNGLDSCDI,Open_Setting,Ring,Ladies,Colour_Diamond,Diamond,No
UPCRNGLDSREG,Uncut_polki_collection,Ring,Ladies,Regular,Diamond,No
CLSRNGLDSFDI,Close_Setting,Ring,Ladies,Full_Diamond,Diamond,No
TMCRNGLDSREG,Temple,Ring,Ladies,Regular,Diamond,No
OPNRNGLDSSLT,Open_Setting,Ring,Ladies,Solitaire,Diamond,No
LSPRNGLDSCDI,Luxury_Special_Product,Ring,Ladies,Colour_Diamond,Diamond,No
OPNBRCLDSFDI,Open_Setting,Bracelet,Ladies,Full_Diamond,Diamond,No
OPNRNGLDSCKT,Open_Setting,Ring,Ladies,Chokar_Tops,Diamond,No
LRGBRCLDSFDI,Large,Bracelet,Ladies,Full_Diamond,Diamond,No
CLSRNGLDSSLT,Close_Setting,Ring,Ladies,Solitaire,Diamond,No
CSTRNGLDSREG,Customer,Ring,Ladies,Regular,Diamond,No
LRGBRCLDSCDI,Large,Bracelet,Ladies,Colour_Diamond,Diamond,No
LRGRNGLDSCDI,Large,Ring,Ladies,Colour_Diamond,Diamond,No
LBDRNGLDSFDI,LB_Diamond,Ring,Ladies,Full_Diamond,Diamond,No
PLTRNGLDSREG,Platinum,Ring,Ladies,Regular,Diamond,No
LBDRNGLDSCDI,LB_Diamond,Ring,Ladies,Colour_Diamond,Diamond,No
LRGRNGLDSFDI,Large,Ring,Ladies,Full_Diamond,Diamond,No
LSPRNGLDSFDI,Luxury_Special_Product,Ring,Ladies,Full_Diamond,Diamond,No
LSPBRCLDSCDI,Luxury_Special_Product,Bracelet,Ladies,Colour_Diamond,Diamond,No
VCLRNGLDSREG,Victorian_Collection,Ring,Ladies,Regular,Diamond,No
CZARNGLDSREG,Cubic_Zirconia,Ring,Ladies,Regular,Diamond,No
ITLRNGLDSREG,Itealian,Ring,Ladies,Regular,Diamond,No
CLSRNGLDSCDI,Close_Setting,Ring,Ladies,Colour_Diamond,Diamond,No
ANCPNDLDSREG,Antiq,Pendant,Ladies,Regular,Diamond,No
OPNBRCLDSPLN,Open_Setting,Bracelet,Ladies,Plain_Gold,Diamond,No
LBDBRCLDSCDI,LB_Diamond,Bracelet,Ladies,Colour_Diamond,Diamond,No
PLGRNGLDSREG,Plain_Gold,Ring,Ladies,Regular,Diamond,No
OPNRNGLDSPLN,Open_Setting,Ring,Ladies,Plain_Gold,Diamond,No
LRGLRGLDSFDI,Large,Large,Ladies,Full_Diamond,Diamond,No
RESRNGLDSREG,Ruby_Emerald_Stones,Ring,Ladies,Regular,Diamond,No
FDIBRCLADSLADS,Full_Diamond,Bracelet,Ladies,Ladies,Diamond,No
CDIERNSETTCKRT,Colour_Diamond,Earring,Matching_Tops,Chokar_Tops,Diamond,No
CDIERNSETTHART,Colour_Diamond,Earring,Matching_Tops,Haram_Tops,Diamond,No
CDIERNSETTNECT,Colour_Diamond,Earring,Matching_Tops,Necklace_Tops,Diamond,No
FDIERNSETTNECT,Full_Diamond,Earring,Matching_Tops,Necklace_Tops,Diamond,No
OPNERNMTLCHM,Open_Setting,Earring,Matil,Champaswaralu,Uncut/Gold,Yes
OPNERNMTLREG,Open_Setting,Earring,Matil,Regular,Diamond,No
CLSERNMTLCHM,Close_Setting,Earring,Matil,Champaswaralu,Diamond,No
CLSERNMTLREG,Close_Setting,Earring,Matil,Regular,Diamond,No
CLSBNGMNSREG,Close_Setting,Bangle,Minus_Design,Regular,Diamond/Uncut,Yes
CLSBNGMNSFDI,Close_Setting,Bangle,Minus_Design,Full_Diamond,Diamond,No
CDIBNGNAVTNAVT,Colour_Diamond,Bangle,Navaratan,Navaratan,Diamond,No
OPNPNDNAVREG,Open_Setting,Pendant,Navratan,Regular,Diamond/Uncut,Yes
OPNBNGNAVREG,Open_Setting,Bangle,Navratan,Regular,Diamond/Uncut,Yes
CLSBNGNAVREG,Close_Setting,Bangle,Navratan,Regular,Diamond,No
OPNBNGNAVNAV,Open_Setting,Bangle,Navratan,Navratan,Diamond,No
RESMATNETREG,Ruby_Emerald_Stones,Matching_Tops,Necklace_Tops,Regular,Diamond,No
CLSERNPARREG,Close_Setting,Earring,Parijatam,Regular,Diamond,Yes
CLSERNREG4ST,Close_Setting,Earring,Regular,4_Stones,Diamond/Gold,Yes
CLSERNREGCDI,Close_Setting,Earring,Regular,Colour_Diamond,Diamond/Gold,Yes
CLSJMKREGTRD,Close_Setting,Jhumki,Regular,Treditional,Diamond,Yes
OPNBLTREGREG,Open_Setting,Belt,Regular,Regular,Diamond,Yes
CUSCHNREGREG,Customer,Chain,Regular,Regular,Diamond,Yes
CUSMTLREGREG,Customer,Matil,Regular,Regular,Diamond,Yes
VCLPNDREGREG,Victorian_Collection,Pendant,Regular,Regular,Diamond,Yes
OPNERNREGFDI,Open_Setting,Earring,Regular,Full_Diamond,Diamond,Yes
OPNNECREGCON,Open_Setting,Necklace,Regular,Coin,Diamond,Yes
OPNCKRREGREG,Open_Setting,Chokar_Tops,Regular,Regular,Diamond,Yes
OLDPNDREGREG,Old,Pendant,Regular,Regular,Diamond/Uncut,Yes
OLDRNGREGREG,Old,Ring,Regular,Regular,Diamond/Uncut,Yes
OLDNECREGREG,Old,Necklace,Regular,Regular,Diamond/Uncut,Yes
OLDERNREGREG,Old,Earring,Regular,Regular,Diamond/Uncut,Yes
OLDBNGREGREG,Old,Bangle,Regular,Regular,Diamond/Uncut,Yes
OPNBNGREGCDI,Open_Setting,Bangle,Regular,Colour_Diamond,Diamond/Uncut,Yes
OPNHARREGSP2,Open_Setting,Haram,Regular,Special_2_Line,Diamond/Uncut,Yes
OPNNSPREGFDI,Open_Setting,Nose_Pin,Regular,Full_Diamond,Diamond/Uncut,Yes
OPNERNREGCDI,Open_Setting,Earring,Regular,Colour_Diamond,Uncut/Gold,Yes
UPCJDAREGREG,Uncut_polki_collection,Jada,Regular,Regular,Uncut/Gold,Yes
ITLCHNREGREG,Itealian,Chain,Regular,Regular,Uncut/Gold,Yes
OPNBNGREGFDI,Open_Setting,Bangle,Regular,Full_Diamond,Gold/Uncut,Yes
ANCERNREGREG,Antiq,Earring,Regular,Regular,Gold/Uncut,Yes
CUSBLMREGREG,Customer,Bletmoguppu,Regular,Regular,Gold/Uncut,Yes
SMPERNREGREG,Sample,Earring,Regular,Regular,Gold/Uncut,Yes
CLSBNGREGCDI,Close_Setting,Bangle,Regular,Colour_Diamond,Gold/Uncut,Yes
CLSBNGREGFDI,Close_Setting,Bangle,Regular,Full_Diamond,Gold/Uncut,Yes
PLTRNGREGREG,Platinum,Ring,Regular,Regular,Gold/Uncut,Yes
FCYCHNREGREG,Fancy,Chain,Regular,Regular,Gold/Uncut,Yes
TMCNECREGMNG,Temple,Necklace,Regular,Mango,Gold/Uncut,Yes
TMCJMKREGREG,Temple,Jhumki,Regular,Regular,Gold/Uncut,Yes
SDKBRCROUREG,Gents_KADA,Bracelet,Regular,Regular,Gold/Uncut,Yes
REGMALREGREG,Regular,Mala,Regular,Regular,Gold/Uncut,Yes
MCNCHNREGREG,Machin_made,Chain,Regular,Regular,Diamond,Yes
KSUNECREGREG,Kasu,Necklace,Regular,Regular,Diamond,Yes
MCNBNGS02REG,Machin_made,Bangle,Regular,Regular,Diamond,Yes
RESBNGS02REG,Ruby_Emerald_Stones,Bangle,Regular,Regular,Diamond,Yes
CBTCHNREGREG,Chain,Chain,Regular,Regular,Diamond,Yes
TMCNECREGREG,Temple,Necklace,Regular,Regular,Diamond,Yes
TMCCKRREGREG,Temple,Chokar_Tops,Regular,Regular,Diamond,No
MCNBNGS04REG,Machin_made,Bangle,Regular,Regular,Diamond,No
PLTBNGREGREG,Platinum,Bangle,Regular,Regular,Diamond,No
PLTNECREGREG,Platinum,Necklace,Regular,Regular,Diamond,No
PLTPNDREGREG,Platinum,Pendant,Regular,Regular,Diamond,No
CLSERNREGFDI,Close_Setting,Earring,Regular,Full_Diamond,Diamond,No
CSTPNDREGREG,Customer,Pendant,Regular,Regular,Diamond,No
ORDORDREGREG,Order,Order,Regular,Regular,Diamond,No
FNIFNIREGREG,Fancy_Iteam,Fancy_Iteam,Regular,Regular,Diamond,No
OPNTKAREGREG,Open_Setting,Tika,Regular,Regular,Diamond,No
SMPPNDREGREG,Sample,Pendant,Regular,Regular,Diamond,No
SMPNECREGREG,Sample,Necklace,Regular,Regular,Diamond,No
SMPBNGREGREG,Sample,Bangle,Regular,Regular,Diamond,No
SMPNSPREGREG,Sample,Nose_Pin,Regular,Regular,Diamond,No
SMPRNGREGREG,Sample,Ring,Regular,Regular,Diamond,No
SMPTKAREGREG,Sample,Tika,Regular,Regular,Diamond,No
SMPVNKREGREG,Sample,Vanki,Regular,Regular,Diamond,No
SMPBLTREGREG,Sample,Belt,Regular,Regular,Diamond,No
SLVRNGREGREG,Silver,Ring,Regular,Regular,Diamond,No
SLVERNREGREG,Silver,Earring,Regular,Regular,Diamond,No
SLVPNDREGREG,Silver,Pendant,Regular,Regular,Diamond,No
ITLCHNREG1LN,Itealian,Chain,Regular,1_Line,Diamond,No
SLVBRCREGREG,Silver,Bracelet,Regular,Regular,Diamond,No
SLVKUMREGREG,Silver,Kumkum_Box,Regular,Regular,Diamond,No
SLVBNGREGREG,Silver,Bangle,Regular,Regular,Diamond,No
SLVNECREGREG,Silver,Necklace,Regular,Regular,Diamond,No
SLVFNIREGREG,Silver,Fancy_Iteam,Regular,Regular,Diamond,No
SLVPLTREGREG,Silver,Platinum,Regular,Regular,Diamond,No
SLVNETREGREG,Silver,Necklace_Tops,Regular,Regular,Diamond,No
TMCBNGS01REG,Temple,Bangle,Regular,Regular,Diamond,No
REGCONREGREG,Regular,Coin,Regular,Regular,Diamond,No
ANCHARREGMNG,Antiq,Haram,Regular,Mango,Diamond,No
UPCPNDREGREG,Uncut_polki_collection,Pendant,Regular,Regular,Diamond,No
UPCNECREGMNG,Uncut_polki_collection,Necklace,Regular,Mango,Diamond,No
UPCNECREGREG,Uncut_polki_collection,Necklace,Regular,Regular,Diamond,No
CPIPNDREGREG,Chakri_Product,Pendant,Regular,Regular,Diamond,No
CPINECREGREG,Chakri_Product,Necklace,Regular,Regular,Diamond,No
ANCNECREGREG,Antiq,Necklace,Regular,Regular,Diamond,No
ANCBLTREGREG,Antiq,Belt,Regular,Regular,Diamond,No
ANCBNGS01REG,Antiq,Bangle,Regular,Regular,Diamond,No
ANCJMKREGREG,Antiq,Jhumki,Regular,Regular,Diamond,No
OPNERNREGCKT,Open_Setting,Earring,Regular,Chokar_Tops,Diamond,No
CLSNSPREGFDI,Close_Setting,Nose_Pin,Regular,Full_Diamond,Diamond,No
UPCBLTREGREG,Uncut_polki_collection,Belt,Regular,Regular,Diamond,No
TMCPNDREGREG,Temple,Pendant,Regular,Regular,Diamond,No
CPINECREGMNG,Chakri_Product,Necklace,Regular,Mango,Diamond,No
CLSBNGREGREG,Close_Setting,Bangle,Regular,Regular,Diamond,No
SDKBRCROUBBY,Gents_KADA,Bracelet,Regular,Baby,Diamond,No
RESBLTREGBBY,Ruby_Emerald_Stones,Belt,Regular,Baby,Diamond,No
CLSERNREG3ST,Close_Setting,Earring,Regular,3_Stone,Diamond,No
CPIBNGS01REG,Chakri_Product,Bangle,Regular,Regular,Diamond,No
UPCHARREGREG,Uncut_polki_collection,Haram,Regular,Regular,Diamond,No
UPCHARREGMNG,Uncut_polki_collection,Haram,Regular,Mango,Diamond,No
UPCJMKREGREG,Uncut_polki_collection,Jhumki,Regular,Regular,Diamond,No
CLSERNREG5ST,Close_Setting,Earring,Regular,5_Stone,Diamond,No
CLSERNREG7ST,Close_Setting,Earring,Regular,7_Stone,Diamond,No
KSUHARREGREG,Kasu,Haram,Regular,Regular,Diamond,No
TMCHARREGMNG,Temple,Haram,Regular,Mango,Diamond,No
TMCHARREGREG,Temple,Haram,Regular,Regular,Diamond,No
MCNBNGS02BBY,Machin_made,Bangle,Regular,Baby,Diamond,No
TMCBNGS02REG,Temple,Bangle,Regular,Regular,Diamond,No
FCYCHNREGROD,Fancy,Chain,Regular,Rhodium,Diamond,No
RJTCHNREGREG,Chain,Chain,Regular,Regular,Diamond,No
RJTCHNREGROD,Chain,Chain,Regular,Rhodium,Diamond,No
PLTCHNREGREG,Platinum,Chain,Regular,Regular,Diamond,No
ANCHARREGREG,Antiq,Haram,Regular,Regular,Diamond,No
LBDBNGREGCDI,LB_Diamond,Bangle,Regular,Colour_Diamond,Diamond,No
OPNMATREGNET,Open_Setting,Matching_Tops,Regular,Necklace_Tops,Diamond,No
UPCBRCOVLREG,Uncut_polki_collection,Bracelet,Regular,Regular,Diamond,No
VCLCKRREGREG,Victorian_Collection,Chokar_Tops,Regular,Regular,Diamond,No
VCLHARREGREG,Victorian_Collection,Haram,Regular,Regular,Diamond,No
RESERNREGMAL,Ruby_Emerald_Stones,Earring,Regular,Mala,Diamond,No
CUSBRCREGREG,Customer,Bracelet,Regular,Regular,Diamond,No
RESNECREGREG,Ruby_Emerald_Stones,Necklace,Regular,Regular,Diamond,No
CLSERNREGSLT,Close_Setting,Earring,Regular,Solitaire,Diamond,No
OPNJMKREGCON,Open_Setting,Jhumki,Regular,Coin,Diamond,No
OPNBAJREGREG,Open_Setting,Bajubandh_cum_Chokar,Regular,Regular,Diamond,No
OPNHARREGCON,Open_Setting,Haram,Regular,Coin,Diamond,No
OPNNSPREGREG,Open_Setting,Nose_Pin,Regular,Regular,Diamond,No
CUSNSPREGREG,Customer,Nose_Pin,Regular,Regular,Diamond,No
SMPBRCREGREG,Sample,Bracelet,Regular,Regular,Diamond,No
OPNERNREGNAV,Open_Setting,Earring,Regular,Navratan,Diamond,No
CLSNECREGBAL,Close_Setting,Necklace,Regular,Bali,Diamond,No
GTPNECREGREG,Guttapusulu,Necklace,Regular,Regular,Diamond,No
OPNMATREGPNT,Open_Setting,Matching_Tops,Regular,Pendant,Diamond,No
ITLCHNREG3LN,Itealian,Chain,Regular,3_Line,Diamond,No
ITLCHNREG2LN,Itealian,Chain,Regular,2Line,Diamond,No
OPNBNGREGSLT,Open_Setting,Bangle,Regular,Solitaire,Diamond,No
CLSCKRREGREG,Close_Setting,Chokar_Tops,Regular,Regular,Diamond,No
UPCHARREGVRM,Uncut_polki_collection,Haram,Regular,Ram_Parivar,Diamond,No
OPNMATREGCKT,Open_Setting,Matching_Tops,Regular,Chokar_Tops,Diamond,No
OPNERNCNDREG,Open_Setting,Earring,Regular,Regular,Diamond,No
SMPCHNREGREG,Sample,Chain,Regular,Regular,Diamond,No
NEWERNREGREG,New,Earring,Regular,Regular,Diamond,No
UPCBNGS01REG,Uncut_polki_collection,Bangle,Regular,Regular,Diamond,No
VCLNECREGREG,Victorian_Collection,Necklace,Regular,Regular,Diamond,No
CLSNECREGREG,Close_Setting,Necklace,Regular,Regular,Diamond,No
KUNJMKREGREG,Kundan,Jhumki,Regular,Regular,Diamond,No
PLTERNREGREG,Platinum,Earring,Regular,Regular,Diamond,No
OPNJMKREGTRD,Open_Setting,Jhumki,Regular,Treditional,Diamond,No
ANCNECREGMNG,Antiq,Necklace,Regular,Mango,Diamond,No
CLSBNGREGBRD,Close_Setting,Bangle,Regular,Broad,Diamond,No
CLSBLTREGPAT,Close_Setting,Belt,Regular,Patti,Diamond,No
ANCBNGS02REG,Antiq,Bangle,Regular,Regular,Diamond,No
CPIBLTREGREG,Chakri_Product,Belt,Regular,Regular,Diamond,No
TMCBLTREGGAJ,Temple,Belt,Regular,Gaja_Lakshmi,Diamond,No
VCLBNGS01REG,Victorian_Collection,Bangle,Regular,Regular,Diamond,No
TMCBLTREGAST,Temple,Belt,Regular,Asta_LAKSHMI,Diamond,No
ANCCKRREGREG,Antiq,Chokar_Tops,Regular,Regular,Diamond,No
CSTPNDREGGOD,Customer,Pendant,Regular,GOD_PND,Diamond,No
CSTJMKREGREG,Customer,Jhumki,Regular,Regular,Diamond,No
GTPHARREGREG,Guttapusulu,Haram,Regular,Regular,Diamond,No
KSUPNDREGREG,Kasu,Pendant,Regular,Regular,Diamond,No
CPIHARREGREG,Chakri_Product,Haram,Regular,Regular,Diamond,No
UPCBNGS02REG,Uncut_polki_collection,Bangle,Regular,Regular,Diamond,No
RESBLTREGREG,Ruby_Emerald_Stones,Belt,Regular,Regular,Diamond,No
PLGBLTREGREG,Plain_Gold,Belt,Regular,Regular,Diamond,No
TMCBLTREGREG,Temple,Belt,Regular,Regular,Diamond,No
RESBNGS01REG,Ruby_Emerald_Stones,Bangle,Regular,Regular,Diamond,No
UPCCKRREGREG,Uncut_polki_collection,Chokar_Tops,Regular,Regular,Diamond,No
OPNJMKREGFAN,Open_Setting,Jhumki,Regular,Fancy,Diamond,No
VCLJDAREGREG,Victorian_Collection,Jada,Regular,Regular,Diamond,No
OPNNECREGTRD,Open_Setting,Necklace,Regular,Treditional,Diamond,No
TMCJDAREGREG,Temple,Jada,Regular,Regular,Diamond,No
MCNBNGS01REG,Machin_made,Bangle,Regular,Regular,Diamond,No
CLSNSPREGREG,Close_Setting,Nose_Pin,Regular,Regular,Diamond,No
OPNNSPREGCDI,Open_Setting,Nose_Pin,Regular,Colour_Diamond,Diamond,No
OPNERNREGSLT,Open_Setting,Earring,Regular,Solitaire,Diamond,No
TMCBNGS01NKS,Temple,Bangle,Regular,Nakshi,Diamond,No
NEWNECREGREG,New,Necklace,Regular,Regular,Diamond,No
ITLCHNREG2RE,Itealian,Chain,Regular,2_Line,Diamond,No
KUNNECREGREG,Kundan,Necklace,Regular,Regular,Diamond,No
ITLCHNREG1RE,Itealian,Chain,Regular,1_Line,Diamond,No
CSTBRCLSEREG,Customer,Bracelet,Regular,Regular,Diamond,No
LBDSTNREGCDI,LB_Diamond,Necklace,Regular,Colour_Diamond,Diamond,No
KUNHARREGREG,Kundan,Haram,Regular,Regular,Diamond,No
RESHARREGREG,Ruby_Emerald_Stones,Haram,Regular,Regular,Diamond,No
OPNNECREGSP1,Open_Setting,Necklace,Regular,Special_1Line,Diamond,No
SLVCKRREGREG,Silver,Chokar_Tops,Regular,Regular,Diamond,No
SLVCKTREGREG,Silver,Chokar_Tops,Regular,Regular,Diamond,No
ITLCHNREGBBY,Itealian,Chain,Regular,Baby,Diamond,No
ITLCHNREGROD,Itealian,Chain,Regular,Rhodium,Diamond,No
ITLNECREGREG,Itealian,Necklace,Regular,Regular,Diamond,No
VCLJMKREGREG,Victorian_Collection,Jhumki,Regular,Regular,Diamond,No
VCLBRCOVLREG,Victorian_Collection,Bracelet,Regular,Regular,Diamond,No
TMCHARREGKUN,Temple,Haram,Regular,Kundan,Diamond,No
TMCPNDREGKUN,Temple,Pendant,Regular,Kundan,Diamond,No
TMCHARREGVRM,Temple,Haram,Regular,Ram_Parivar,Diamond,No
TMCNECREGKUN,Temple,Necklace,Regular,Kundan,Diamond,No
TMCBLTREGDAS,Temple,Belt,Regular,Dashavataram,Diamond,No
TMCBNGS02NKS,Temple,Bangle,Regular,Nakshi,Diamond,No
OPNMATCNDHAT,Open_Setting,Matching_Tops,Regular,Haram_Tops,Diamond,No
CLSBNGREG3LN,Close_Setting,Bangle,Regular,3_Line,Diamond,No
LBDSTNREGFDI,LB_Diamond,Necklace,Regular,Full_Diamond,Diamond,No
LBDHARREGCDI,LB_Diamond,Haram,Regular,Colour_Diamond,Diamond,No
OPNHARREGBLT,Open_Setting,Haram,Regular,Belt,Diamond,No
UPCNECREGVRM,Uncut_polki_collection,Necklace,Regular,Ram_Parivar,Diamond,No
RESCKRREGREG,Ruby_Emerald_Stones,Chokar_Tops,Regular,Regular,Diamond,No
ANCNECREGVRM,Antiq,Necklace,Regular,Ram_Parivar,Diamond,No
ANCBNGS04REG,Antiq,Bangle,Regular,Regular,Diamond,No
ANCBNGS02NKS,Antiq,Bangle,Regular,Nakshi,Diamond,No
CSTBRCLSEWCH,Customer,Bracelet,Regular,All,Diamond,No
ANCPNDREGREG,Antiq,Pendant,Regular,Regular,Diamond,No
CSTBRCROUROD,Customer,Bracelet,Regular,Rhodium,Diamond,No
CUSVNKREGREG,Customer,Vanki,Regular,Regular,Diamond,No
OPNNECREGSP3,Open_Setting,Necklace,Regular,Special_3Line,Diamond,No
LBDNECREGCDI,LB_Diamond,Necklace,Regular,Colour_Diamond,Diamond,No
LBDNETREGCDI,LB_Diamond,Necklace_Tops,Regular,Colour_Diamond,Diamond,No
CLSBNGREGGRD,Close_Setting,Bangle,Regular,Graduation,Diamond,No
MESCHNREGREG,Mesh,Chain,Regular,Regular,Diamond,No
CPIBNGS02REG,Chakri_Product,Bangle,Regular,Regular,Diamond,No
OPNHARREGSP3,Open_Setting,Haram,Regular,Special_3Line,Diamond,No
OPNNECREGSP2,Open_Setting,Necklace,Regular,Special_2_Line,Diamond,No
MCNBNGS02ROD,Machin_made,Bangle,Regular,Rhodium,Diamond,No
LBDCKRREGCDI,LB_Diamond,Chokar_Tops,Regular,Colour_Diamond,Diamond,No
LBDCKTREGCDI,LB_Diamond,Chokar_Tops,Regular,Colour_Diamond,Diamond,No
TMCBLTREGBBY,Temple,Belt,Regular,Baby,Diamond,No
OLDBRCREGREG,Old,Bracelet,Regular,Regular,Diamond,No
VCLBLTREGREG,Victorian_Collection,Belt,Regular,Regular,Diamond,No
CLSERNREGREG,Close_Setting,Earring,Regular,Regular,Diamond,No
OPNNECRGRCON,Open_Setting,Necklace,Regular,Coin,Diamond,No
KUNHARREGMNG,Kundan,Haram,Regular,Mango,Diamond,No
VCLHARREGKUN,Victorian_Collection,Haram,Regular,Kundan,Diamond,No
OPNJMKRGRCON,Open_Setting,Jhumki,Regular,Coin,Diamond,No
SDKBRCREGREG,Gents_KADA,Bracelet,Regular,Regular,Diamond,No
LBDVNKREGCDI,LB_Diamond,Vanki,Regular,Colour_Diamond,Diamond,No
KUNCKRREGREG,Kundan,Chokar_Tops,Regular,Regular,Diamond,No
RJTBRCLSEREG,Chain,Bracelet,Regular,Regular,Diamond,No
NEWFNIREGREG,New,Fancy_Iteam,Regular,Regular,Diamond,No
LBDBNGREGFDI,LB_Diamond,Bangle,Regular,Full_Diamond,Diamond,No
MCNBNGS04ROD,Machin_made,Bangle,Regular,Rhodium,Diamond,No
RJTBRCOVLREG,Chain,Bracelet,Regular,Regular,Diamond,No
VCLBRCLSEREG,Victorian_Collection,Bracelet,Regular,Regular,Diamond,No
RJTBRCLSEROD,Chain,Bracelet,Regular,Rhodium,Diamond,No
OPNERNRGRCDI,Open_Setting,Earring,Regular,Colour_Diamond,Diamond,No
OPNCKRRGRRGR,Open_Setting,Chokar_Tops,Regular,Regular,Diamond,No
OPNHARRGRSP3,Open_Setting,Haram,Regular,Special_3Line,Diamond,No
MALCHNREGREG,Mala,Chain,Regular,Regular,Diamond,No
FNIITMREGREG,Fancy_Iteam,Iteam,Regular,Regular,Diamond,No
PLGBNGS01REG,Plain_Gold,Bangle,Regular,Regular,Diamond,No
PLNBRCOVLREG,Plain_Gold,Bracelet,Regular,Regular,Diamond,No
OPNHARRGRCON,Open_Setting,Haram,Regular,Coin,Diamond,No
OPNHARREGSP1,Open_Setting,Haram,Regular,Special_1Line,Diamond,No
CDICKRREGREG,Colour_Diamond,Chokar_Tops,Regular,Regular,Diamond,No
LBDHATREGCDI,LB_Diamond,Haram_Tops,Regular,Colour_Diamond,Diamond,No
RESMALREGREG,Ruby_Emerald_Stones,Mala,Regular,Regular,Diamond,No
OPNBNGRGRCDI,Open_Setting,Bangle,Regular,Colour_Diamond,Diamond,No
UPCBLTREGAST,Uncut_polki_collection,Belt,Regular,Asta_LAKSHMI,Diamond,No
CDIBLTREGREG,Colour_Diamond,Belt,Regular,Regular,Diamond,No
PLGKLPREGREG,Plain_Gold,Kalipoth,Regular,Regular,Diamond,No
OPNMATCNDNET,Open_Setting,Matching_Tops,Regular,Necklace_Tops,Diamond,No
OLDBLMREGREG,Old,Bletmoguppu,Regular,Regular,Diamond,No
CSTBRCOVLREG,Customer,Bracelet,Regular,Regular,Diamond,No
TMCBRCOVLREG,Temple,Bracelet,Regular,Regular,Diamond,No
PLGBRCLSEREG,Plain_Gold,Bracelet,Regular,Regular,Diamond,No
PLGPNDREGREG,Plain_Gold,Pendant,Regular,Regular,Diamond,No
OLDCHNREGREG,Old,Chain,Regular,Regular,Diamond,No
UPCBLTREGBBY,Uncut_polki_collection,Belt,Regular,Baby,Diamond,No
OPNBLTRGRRGR,Open_Setting,Belt,Regular,Regular,Diamond,No
CSTBRCROUREG,Customer,Bracelet,Regular,Regular,Diamond,No
OPNBLTREGPAT,Open_Setting,Belt,Regular,Patti,Diamond,No
OPNCKRREGFAN,Open_Setting,Chokar_Tops,Regular,Fancy,Diamond,No
OPNJDAREGREG,Open_Setting,Jada,Regular,Regular,Diamond,No
OPNMATCNDCKT,Open_Setting,Matching_Tops,Regular,Chokar_Tops,Diamond,No
CSTPNDREGGAN,Customer,Pendant,Regular,Gents,Diamond,No
CPINECREGVRM,Chakri_Product,Necklace,Regular,Ram_Parivar,Diamond,No
CPIJMKREGREG,Chakri_Product,Jhumki,Regular,Regular,Diamond,No
ITLBRCOVLREG,Itealian,Bracelet,Regular,Regular,Diamond,No
MCNBNGS01ROD,Machin_made,Bangle,Regular,Rhodium,Diamond,No
RJTBRCROUROD,Chain,Bracelet,Regular,Rhodium,Diamond,No
RESPNDREGREG,Ruby_Emerald_Stones,Pendant,Regular,Regular,Diamond,No
CPIBRCOVLREG,Chakri_Product,Bracelet,Regular,Regular,Diamond,No
RESJMKREGREG,Ruby_Emerald_Stones,Jhumki,Regular,Regular,Diamond,No
CSTBRCOVLROD,Customer,Bracelet,Regular,Rhodium,Diamond,No
VCLHARREGMNG,Victorian_Collection,Haram,Regular,Mango,Diamond,No
ANCJDAREGREG,Antiq,Jada,Regular,Regular,Diamond,No
TMCBNGS04REG,Temple,Bangle,Regular,Regular,Diamond,No
VCLNECREGKUN,Victorian_Collection,Necklace,Regular,Kundan,Diamond,No
OPNNECRGRRGR,Open_Setting,Necklace,Regular,Regular,Diamond,No
LBDBLTREGCDI,LB_Diamond,Belt,Regular,Colour_Diamond,Diamond,No
OPNBLMRGRRGR,Open_Setting,Bletmoguppu,Regular,Regular,Diamond,No
ANCHARREGVRM,Antiq,Haram,Regular,Ram_Parivar,Diamond,No
CLSERNREGCKT,Close_Setting,Earring,Regular,Chokar_Tops,Diamond,No
MCNCHNREG3LN,Machin_made,Chain,Regular,3_Line,Diamond,No
RESNECREGVRM,Ruby_Emerald_Stones,Necklace,Regular,Ram_Parivar,Diamond,No
CBTBRCOVLREG,Chain,Bracelet,Regular,Regular,Diamond,No
RESHARREGVRM,Ruby_Emerald_Stones,Haram,Regular,Ram_Parivar,Diamond,No
CSTBRCLSEROD,Customer,Bracelet,Regular,Rhodium,Diamond,No
RESNECREGMNG,Ruby_Emerald_Stones,Necklace,Regular,Mango,Diamond,No
RESHARREGMNG,Ruby_Emerald_Stones,Haram,Regular,Mango,Diamond,No
CZAJMKREGREG,Cubic_Zirconia,Jhumki,Regular,Regular,Diamond,No
KUNNECREGVRM,Kundan,Necklace,Regular,Ram_Parivar,Diamond,No
CBTBRCLSEREG,Chain,Bracelet,Regular,Regular,Diamond,No
TMCNECREGVRM,Temple,Necklace,Regular,Ram_Parivar,Diamond,No
CPIHARREGMNG,Chakri_Product,Haram,Regular,Mango,Diamond,No
CZAPNDREGREG,Cubic_Zirconia,Pendant,Regular,Regular,Diamond,No
KUNNECREGMNG,Kundan,Necklace,Regular,Mango,Diamond,No
ANCNECREGDOR,Antiq,Necklace,Regular,DORI,Diamond,No
ITLBRCROUREG,Itealian,Bracelet,Regular,Regular,Diamond,No
CZAPNDREGBBY,Cubic_Zirconia,Pendant,Regular,Baby,Diamond,No
CLSJMKREGCDI,Close_Setting,Jhumki,Regular,Colour_Diamond,Diamond,No
LRGNETCNDCDI,Large,Necklace_Tops,Regular,Colour_Diamond,Diamond,No
OLDTLMREGREG,Old,Tali_moguppu,Regular,Regular,Diamond,No
OPNERNRGRFDI,Open_Setting,Earring,Regular,Full_Diamond,Diamond,No
NEWBNGREGREG,New,Bangle,Regular,Regular,Diamond,No
MCNCHNBCNREG,Machin_made,Chain,Regular,Regular,Diamond,No
PLTRNGRGRRGR,Platinum,Ring,Regular,Regular,Diamond,No
LRGNETREGCDI,Large,Necklace_Tops,Regular,Colour_Diamond,Diamond,No
PLGBNGS02REG,Plain_Gold,Bangle,Regular,Regular,Diamond,No
TMCPNDREGGAN,Temple,Pendant,Regular,Gents,Diamond,No
OPNNECREGKAS,Open_Setting,Necklace,Regular,Kasu_Mala,Diamond,No
OPNBLMREGREG,Open_Setting,Bletmoguppu,Regular,Regular,Diamond,No
OPNHARREGTRD,Open_Setting,Haram,Regular,Treditional,Diamond,No
TMCPNDREGLDS,Temple,Pendant,Regular,Ladies,Diamond,No
RESJDAREGREG,Ruby_Emerald_Stones,Jada,Regular,Regular,Diamond,No
OLDNSPREGREG,Old,Nose_Pin,Regular,Regular,Diamond,No
ITLPNDREGREG,Itealian,Pendant,Regular,Regular,Diamond,No
CZABNGS02REG,Cubic_Zirconia,Bangle,Regular,Regular,Diamond,No
OLDVNKREGREG,Old,Vanki,Regular,Regular,Diamond,No
TMCCKRREGKUN,Temple,Chokar_Tops,Regular,Kundan,Diamond,No
TMCPNDREGGOD,Temple,Pendant,Regular,GOD_PND,Diamond,No
VCLPNDREGGAN,Victorian_Collection,Pendant,Regular,Gents,Diamond,No
OPNMATCNDNCT,Open_Setting,Matching_Tops,Regular,Necklace_Tops,Diamond,No
CLSTKAREGREG,Close_Setting,Tika,Regular,Regular,Diamond,No
TMCBLTREGKUN,Temple,Belt,Regular,Kundan,Diamond,No
CLSHARREGTRD,Close_Setting,Haram,Regular,Treditional,Diamond,No
OPNMATREGHAT,Open_Setting,Matching_Tops,Regular,Haram_Tops,Diamond,No
CLSHARREGKAS,Close_Setting,Haram,Regular,Kasu_Mala,Diamond,No
CLSNECREGKAS,Close_Setting,Necklace,Regular,Kasu_Mala,Diamond,No
OLDTLCREGREG,Old,Tali_chain,Regular,Regular,Diamond,No
NEWBRCREGREG,New,Bracelet,Regular,Regular,Diamond,No
OPNERNREGPLN,Open_Setting,Earring,Regular,Plain_Gold,Diamond,No
NEWRNGREGREG,New,Ring,Regular,Regular,Diamond,No
CLSBLTREGREG,Close_Setting,Belt,Regular,Regular,Diamond,No
UPCERNREGREG,Uncut_polki_collection,Earring,Regular,Regular,Diamond,No
UPCNECREGDOR,Uncut_polki_collection,Necklace,Regular,DORI,Diamond,No
OPNERNCNDCDI,Open_Setting,Earring,Regular,Colour_Diamond,Diamond,No
NEWCHNREGREG,New,Chain,Regular,Regular,Diamond,No
RESBNGS04REG,Ruby_Emerald_Stones,Bangle,Regular,Regular,Diamond,No
OPNNECREGMCH,Open_Setting,Necklace,Regular,Mess_Chain,Diamond,No
KUNBNGS01REG,Kundan,Bangle,Regular,Regular,Diamond,No
CUSCHNGREGREG,Customer,Hanging,Regular,Regular,Diamond,No
KSUCOINREGREG,Kasu,Coin,Regular,Regular,Diamond,No
SMPMALAREGREG,Sample,MALA,Regular,Regular,Diamond,No
CUSSLVRREGREG,Customer,Silver,Regular,Regular,Diamond,No
OLDGOLDREGREG,Old,Gold,Regular,Regular,Diamond,No
SMPCHNGREGREG,Sample,Hanging,Regular,Regular,Diamond,No
OLDMALAREGREG,Old,MALA,Regular,Regular,Diamond,No
CDIJMK7523REGR,Colour_Diamond,Jhumki,Regular,Regular,Diamond,No
CDISHP7673REGR,Colour_Diamond,Single_Hook_Pendant,Regular,Regular,Diamond,No
OLDGOLDREGREGR,Old,Gold,Regular,Regular,Diamond,No
GHATREGREGRREG,Haram_Tops,Regular,Regular,Regular,Diamond,No
GOLDCOINREGREG,Gold,Coin,Regular,Regular,Diamond,No
MALA3139REGREG,MALA,Regular,Regular,Regular,Diamond,No
CDIBLMREGRREGR,Colour_Diamond,Bletmoguppu,Regular,Regular,Diamond,No
CDICKRREGRREGR,Colour_Diamond,Chokar_Tops,Regular,Regular,Diamond,No
CDINECREGRRTRD,Colour_Diamond,Necklace,Regular,Treditional,Diamond,No
FDIDHPREGRREGR,Full_Diamond,Double_Hook_Pendant,Regular,Regular,Diamond,No
FDIMTLREGRREGR,Full_Diamond,Matil,Regular,Regular,Diamond,No
FDISHPREGRREGR,Full_Diamond,Single_Hook_Pendant,Regular,Regular,Diamond,No
FNIFNIREGRREGR,Fancy_Iteam,Fancy_Iteam,Regular,Regular,Diamond,No
ORDORDREGRREGR,Order,Order,Regular,Regular,Diamond,No
TMCHARREGRREGR,Temple,Haram,Regular,Regular,Diamond,No
TMCJMKREGRREGR,Temple,Jhumki,Regular,Regular,Diamond,No
ANCNECSHTREG,Antiq,Necklace,Short,Regular,Gold/Uncut,Yes
GTPNECSHTREG,Guttapusulu,Necklace,Short,Regular,Diamond,No
VCLNECSHTREG,Victorian_Collection,Necklace,Short,Regular,Diamond,No
OPNPNDSHKCDI,Open_Setting,Pendant,Single_Hook,Colour_Diamond,Diamond/Gold,Yes
CLSPNDSHKCDI,Close_Setting,Pendant,Single_Hook,Colour_Diamond,Diamond,Yes
OPNPNDSHKFDI,Open_Setting,Pendant,Single_Hook,Full_Diamond,Diamond,Yes
CLSPNDSHKFDI,Close_Setting,Pendant,Single_Hook,Full_Diamond,Diamond,No
OPNPNDSHKPUS,Open_Setting,Pendant,Single_Hook,Pusta,Diamond,No
OPNPNDSHKCAR,Open_Setting,Pendant,Single_Hook,Carving,Diamond,No
CLSPNDSHKPUS,Close_Setting,Pendant,Single_Hook,Pusta,Diamond,No
CLSPNDSHKFLR,Close_Setting,Pendant,Single_Hook,Flower,Diamond,No
LSPPNDSHKMUT,Luxury_Special_Product,Pendant,Single_Hook,Mutal_Cut,Diamond,No
LRGPNDSHKFDI,Large,Pendant,Single_Hook,Full_Diamond,Diamond,No
LSPPNDSHKFDI,Luxury_Special_Product,Pendant,Single_Hook,Full_Diamond,Diamond,No
LSPPNDSHKCDI,Luxury_Special_Product,Pendant,Single_Hook,Colour_Diamond,Diamond,No
LBDPNDSHKCDI,LB_Diamond,Pendant,Single_Hook,Colour_Diamond,Diamond,No
OPNPNDSHKPLN,Open_Setting,Pendant,Single_Hook,Plain_Gold,Diamond,No
CDIPNDSHOKSCLC,Colour_Diamond,Pendant,Single_Hook,Single_hook_close_setting_colour_diamond,Diamond,No
CDIPNDSHOKSOPC,Colour_Diamond,Pendant,Single_Hook,Single_hook_open_setting_colour_diamond,Diamond,No
CDIPNDSHOKSOPF,Colour_Diamond,Pendant,Single_Hook,Single_hook_open_setting_full_diamond,Diamond,No
FDIPNDSHOKSCLF,Full_Diamond,Pendant,Single_Hook,Single_hook_close_setting_full_diamond,Diamond,No
OPNERNSLTREG,Open_Setting,Earring,Solitaire,Regular,Diamond,Yes
OPNNECSLTREG,Open_Setting,Necklace,Solitaire,Regular,Diamond,No
CLSNECSLTREG,Close_Setting,Necklace,Solitaire,Regular,Diamond,No
LSPPNDSPLMUT,Luxury_Special_Product,Pendant,Special,Mutal_Cut,Diamond,No
LSPHARSPLCDI,Luxury_Special_Product,Haram,Special,Colour_Diamond,Diamond,No
LSPSTNSPLMUT,Luxury_Special_Product,Necklace,Special,Mutal_Cut,Diamond,No
LSPNECSPLMUT,Luxury_Special_Product,Necklace,Special,Mutal_Cut,Diamond,No
LSPNECSPLCDI,Luxury_Special_Product,Necklace,Special,Colour_Diamond,Diamond,No
LSPCKRSPLCDI,Luxury_Special_Product,Chokar_Tops,Special,Colour_Diamond,Diamond,No
LSPRNGSPLMUT,Luxury_Special_Product,Ring,Special,Mutal_Cut,Diamond,No
LSPBNGSPLMUT,Luxury_Special_Product,Bangle,Special,Mutal_Cut,Diamond,No
LSPNETSPLCDI,Luxury_Special_Product,Necklace_Tops,Special,Colour_Diamond,Diamond,No
LSPCKTSPLCDI,Luxury_Special_Product,Chokar_Tops,Special,Colour_Diamond,Diamond,No
LSPSTNSPLFDI,Luxury_Special_Product,Necklace,Special,Full_Diamond,Diamond,No
LSPHNGSPLMUT,Luxury_Special_Product,Hanging,Special,Mutal_Cut,Diamond,No
CDINECSPELS1LN,Colour_Diamond,Necklace,Special,1_Line,Diamond,No
CDIHARSP2LS2LN,Colour_Diamond,Haram,Special_2Line,2_Line,Diamond,No
CDIHARSP3LS3LN,Colour_Diamond,Haram,Special_3Line,3_Line,Diamond,No
CDINECSP3LS3LN,Colour_Diamond,Necklace,Special_3Line,3_Line,Diamond,No
TMCERNSTDREG,Temple,Earring,Stud,Regular,Diamond,Yes
KSUERNSTDREG,Kasu,Earring,Stud,Regular,Diamond,Yes
UPCERNSTDREG,Uncut_polki_collection,Earring,Stud,Regular,Diamond,No
OPNMATSTDPNT,Open_Setting,Matching_Tops,Stud,Pendant,Diamond,No
CZAERNSTDREG,Cubic_Zirconia,Earring,Stud,Regular,Diamond,No
VCLERNSTDREG,Victorian_Collection,Earring,Stud,Regular,Diamond,No
OPNMATSTDNET,Open_Setting,Matching_Tops,Stud,Necklace_Tops,Diamond,No
CSTERNSTDREG,Customer,Earring,Stud,Regular,Diamond,No
ANCERNSTDREG,Antiq,Earring,Stud,Regular,Diamond,No
UPCMATSTDREG,Uncut_polki_collection,Matching_Tops,Stud,Regular,Diamond,No
RESERNSTDREG,Ruby_Emerald_Stones,Earring,Stud,Regular,Diamond,No
ANCMATSTDREG,Antiq,Matching_Tops,Stud,Regular,Diamond,No
TMCMATSTDREG,Temple,Matching_Tops,Stud,Regular,Diamond,No
ANCMATSTDVRM,Antiq,Matching_Tops,Stud,Ram_Parivar,Diamond,No
CPIMATSTDREG,Chakri_Product,Matching_Tops,Stud,Regular,Diamond,No
VCLMATSTDREG,Victorian_Collection,Matching_Tops,Stud,Regular,Diamond,No
OPNERNSTDFDI,Open_Setting,Earring,Stud,Full_Diamond,Diamond,No
GTPERNSTDREG,Guttapusulu,Earring,Stud,Regular,Diamond,No
PLGERNSTDREG,Plain_Gold,Earring,Stud,Regular,Diamond,No
FDIPNDTALMTLMO,Full_Diamond,Pendant,Taalimoguppu,Tali_Moguppu,Diamond,No
OPNPNDTLMREG,Open_Setting,Pendant,Tali_moguppu,Regular,Gold/Uncut,Yes
CLSPNDTLMREG,Close_Setting,Pendant,Tali_moguppu,Regular,Diamond,No
CDIPNDTIGRTGRC,Colour_Diamond,Pendant,Tiger_Nail,Tiger_Nail,Diamond,No
CDIPNDTIGRTGRO,Colour_Diamond,Pendant,Tiger_Nail,Tiger_Nail,Diamond,No
CLSBNGTODREG,Close_Setting,Bangle,Todha,Regular,Diamond,No
